"Site.Name","Latitude","Longitude","Monitor.Name","Date","Time","Tide","Low.Tide","High.Tide","Water.Temp","Air.Temp","Transparency.Depth","Salinity","Current","Weather","Water.Surface","DO","Wind.Direction","Nutrient.Vial","Field.Comments","NO3.NO2","Si.OH.4","NH4","PO4"
"22D Bar Harbor Town Pier",44.392212,-68.204084,"Farrell",2016-06-10,"13:10",NA,NA,"16:01",10,18.5,3.15,31,"Medium","Overcast","Waves",8.25,"NW",NA,NA,0.95,1.58,0.42,0.48
"22D Bar Harbor Town Pier",44.392212,-68.204084,"Edwin Barkdoll",2016-06-17,"9:45",NA,NA,"9:40",13,17,4.15,34,NA,"Clear","Calm",9,"E",NA,NA,0.54,0.87,4.14,0.56
"22D Bar Harbor Town Pier",44.392212,-68.204084,"Farrell",2016-06-23,"11:30",NA,NA,"13:41",12,27,2.6,32,"Low","Clear","Ripple",9.5,"W",NA,NA,0.58,1.39,0.12,0.5
"22D Bar Harbor Town Pier",44.392212,-68.204084,"Farrell",2016-07-01,"10:00",NA,NA,"8:29",15,18,9.1,32,NA,"Clear","Ripple",9.1,"E",NA,NA,0.62,2.92,0.48,0.53
"22D Bar Harbor Town Pier",44.392212,-68.204084,"Phippen",2016-07-08,"14:00",NA,NA,NA,13,19,NA,34,"Medium","Overcast","Ripple",8.7,"SE",NA,NA,0.3,4.19,2.71,0.66
"22D Bar Harbor Town Pier",44.392212,-68.204084,"Edwin",2016-07-15,"8:15",NA,"14:15","8:10",13.1,22,4,33,NA,"Clear","Ripple",7.05,"NE",NA,"Sampled on the dinghy float, not the fisherman's float, because of fishsing activity",1.32,7.72,0.05,0.66
"22D Bar Harbor Town Pier",44.392212,-68.204084,"Stephanie Phippen",2016-07-22,"10:50",NA,"7:06","12:00",14.1,25.8,2.95,31,"Low","Partly Cloudy","Ripple",8.5,"S",NA,NA,2.75,10.71,3.45,0.52
"22D Bar Harbor Town Pier",44.392212,-68.204084,"Phippen",2016-07-29,"9:35",NA,NA,"7:13",15.5,20.6,3.85,34,NA,NA,NA,7.95,"E",NA,NA,1.1,3.85,3.94,0.51
"22D Bar Harbor Town Pier",44.392212,-68.204084,"Edwin Barkdoll",2016-08-05,"12:22",NA,"7:14","13:24",15.5,29.2,3.61,32,NA,"Clear","Ripple",8,"S",NA,"A lot of boat activity in vicinity of pier possibly churning up water",0.82,5.5,0.03,0.28
"22D Bar Harbor Town Pier",44.392212,-68.204084,"Edwin Barkdoll",2016-08-12,"9:50",NA,"0:21","6:29",15.7,21.2,4.05,32,NA,NA,NA,7.05,"SE",NA,"Secchi disk hit the bottom when measuring descending transparency.",1.65,5.91,2.39,0.39
"22D Bar Harbor Town Pier",44.392212,-68.204084,"Edwin Barkdoll",2016-08-19,"10:00",NA,"5:57","12:04",15,21,3.075,32,NA,"Clear","Ripple",8.15,"NW",NA,NA,0.81,1.66,0.03,0.34
"22D Bar Harbor Town Pier",44.392212,-68.204084,"Barkdoll",2016-08-26,"9:55",NA,"12:55","5:55",14.9,22.3,3.4,32,NA,"Partly Cloudy","Ripple",6.7,"SE",NA,"Secchi disk hit bottom",1.91,4.38,0.02,0.6
"22D Bar Harbor Town Pier",44.392212,-68.204084,"Farrell",2016-09-01,"10:44",NA,NA,"12:16",15.9,16.9,2.4,32,"Low","Partly Cloudy","Waves",8.9,"NW",NA,"Pickle dumped off pier during sampling",1.12,3.51,1.93,0.68
"22D Bar Harbor Town Pier",44.392212,-68.204084,"Edwin Barkdoll",2016-09-09,"8:45",NA,"12:12","6:00",15.3,19.2,1.475,32,NA,"Partly Cloudy","Ripple",7.9,"E",NA,"Large amount of particulates in the water.  Took longer than 15 minutes to filter 10L of sea water.",1.11,3.21,0.07,0.2
"22D Bar Harbor Town Pier",44.392212,-68.204084,"Barkdoll",2016-09-16,"9:45",NA,"17:12","10:59",14.8,15.3,1.9,32,NA,"Clear","Ripple",7.8,"E",NA,NA,0.55,1.84,0.03,0.36
"22D Bar Harbor Town Pier",44.392212,-68.204084,"Barkdoll",2016-09-23,"9:45",NA,"10:57","17:07",14.1,17.5,2.7,32,NA,"Drizzle","Ripple",7.4,"W",NA,"Secchi disk hit the bottom",2.4,6.44,1.4,0.52
"22D Bar Harbor Town Pier",44.392212,-68.204084,"Edwin Barkdoll",2016-09-30,"9:49",NA,"5:10","11:49",13.3,12.4,2.9,32,NA,"Clear","Waves",7.95,"NW",NA,"Rough water due to boat activity",0.74,2.07,0.72,0.62
"22D Bar Harbor Town Pier",44.392212,-68.204084,"Edwin Barkdoll",2016-10-06,"9:30",NA,"9:39","15:45",13.3,17.8,2.2,32,NA,"Clear","Ripple",8.4,"NW",NA,"Secchi disk hit bottom",0.26,1.29,0.2,0.32
"22D Bar Harbor Town Pier",44.392212,-68.204084,"Edwin Barkdoll",2016-10-14,"9:45",NA,"15:48","9:34",11.9,7.9,2.6,33,NA,"Partly Cloudy","Waves",7.75,"NW",NA,"A lot of boat traffic near pier",2.12,2.93,1.33,0.42
"22D Bar Harbor Town Pier",44.392212,-68.204084,NA,2016-10-21,"11:30",NA,"9:25","3:37",12.8,16.8,2.1,33,NA,NA,NA,7.7,"SE",NA,NA,2.14,2.3,1.26,0.32
"22D Bar Harbor Town Pier",44.392212,-68.204084,"Stephanie Phippen",2016-11-09,"13:40",NA,NA,"17:41",10.9,15.3,NA,33,NA,NA,NA,8.4,"N",NA,NA,1.56,2.77,1.07,0.41
"22D Bar Harbor Town Pier",44.392212,-68.204084,"Farrell",2017-05-24,"8:51",NA,NA,"9:59",9.5,12.4,3.4,31,"Low","Partly Cloudy","Ripple",9.7,"W",1030,NA,0.44,5.07,0.22,0.26
"22D Bar Harbor Town Pier",44.392212,-68.204084,"Farrell",2017-05-31,"9:02",NA,NA,"3:47",9.3,12.9,2.3,31,"Low","Overcast","Waves",9,"SE",1033,"Secchi disk hit bottom. Oil slick on water. Swells from SE. Stephanie Diane docked at pier.",0.53,3.37,8.96,0.84
"22D Bar Harbor Town Pier",44.392212,-68.204084,"Farrell",2017-06-06,"13:56",NA,NA,"9:41",9.3,14.3,2.8,32,"Medium","Overcast","Whitecaps",9.2,"E",1035,NA,0.09,1.15,0.29,0.41
"22D Bar Harbor Town Pier",44.392212,-68.204084,"Ashley, Danny, Anna, Sierra",2017-06-12,"14:07",NA,NA,"13:38",11.5,30,3.1,31,NA,"Clear",NA,8.9,"NE",1037,NA,1.83,6.73,2.42,0.84
"22D Bar Harbor Town Pier",44.392212,-68.204084,"Danny Graves",2017-06-20,"9:45",NA,NA,"7:38",10,18.6,2.9,32,"Medium","Drizzle","Ripple",9.3,"SW",1046,NA,0.33,0.57,1.25,0.57
"22D Bar Harbor Town Pier",44.392212,-68.204084,"Kyle McGadney",2017-06-27,"10:42",NA,NA,NA,11.7,15.7,2.55,NA,NA,NA,"31",8.5,"E",1053,NA,0.55,1.1,1.75,0.41
"22D Bar Harbor Town Pier",44.392212,-68.204084,"Kyle McGadney",2017-07-03,"9:50",NA,NA,NA,13,18.6,2.625,32,NA,NA,NA,8.3,"E",1055,NA,0.03,0.35,0.5,0.31
"22D Bar Harbor Town Pier",44.392212,-68.204084,"Sierra and Kyle",2017-07-10,"10:20",NA,NA,"12:30",14.5,25.4,2.95,30,NA,NA,NA,8.7,"W",1070,NA,0.1,1.2,1.5,0.47
"22D Bar Harbor Town Pier",44.392212,-68.204084,"Sierra C, Danny",2017-07-17,"9:55",NA,NA,NA,13.7,16.8,2.8,31,NA,NA,NA,9.15,"NW",1086,"Transparency disc hit bottom.",NA,NA,NA,NA
"22D Bar Harbor Town Pier",44.392212,-68.204084,"Siera, Danny",2017-07-18,"9:05",NA,NA,NA,16.4,16,3.6,32,NA,NA,NA,9,"N",1097,"Added 15 m of filtered water to dilute 15 mL of sample. Total 30 mL.",NA,NA,NA,NA
"22D Bar Harbor Town Pier",44.392212,-68.204084,"Sierra and Danny",2017-07-25,"13:30",NA,NA,"12:59",14.1,NA,3,31,NA,NA,NA,9,"None",1109,NA,NA,NA,NA,NA
"22D Bar Harbor Town Pier",44.392212,-68.204084,"Danny and Sierra",2017-08-01,"9:30",NA,NA,"6:44",14.1,22.4,3.35,30,NA,NA,NA,8.2,NA,1115,NA,NA,NA,NA,NA
"22D Bar Harbor Town Pier",44.392212,-68.204084,"Sierra, Anna",2017-08-10,"13:37",NA,NA,"13:19",16,29,3.65,30,"Low","Clear","Ripple",9.2,"W",1117,"Silver Spoon, Miss Samantha, Tugg (BH barge) all in sampling area.",NA,NA,NA,NA
"22D Bar Harbor Town Pier",44.392212,-68.204084,"Sierra",2017-08-15,"10:06",NA,"11:01",NA,13,15,2.7,32,NA,"Fog","Waves",7.6,"SE",1119,"Secchi disk hit bottom",NA,NA,NA,NA
"22D Bar Harbor Town Pier",44.392212,-68.204084,"Farrell",2017-08-23,"9:45",NA,NA,"12:07",12,23,3.9,31,NA,NA,"Waves",7.4,"SW",1127,"Very windy! Second Wind and one other boat at dock. Cruise tender running and creating a lot of wash and current.",NA,NA,NA,NA
"22D Bar Harbor Town Pier",44.392212,-68.204084,"Farrell",2017-08-30,"9:35",NA,"12:10",NA,14,17,3.7,31,"Medium","Overcast","Ripple",9,"NE",1130,"Secchi disk hit bottom. Elaina Jane left some oil on the surface. Switched sides of the dock in the middle of sampling due to boat docking.",NA,NA,NA,NA
"22D Bar Harbor Town Pier",44.392212,-68.204084,"Anna Farrell",2017-09-06,"8:50",NA,NA,"11:31",12,20,4,31,"Low","Overcast","Ripple",8,"S",1131,"Secchi disk hit bottom. Sampled from the dory float because of fishermen working (unloading traps) on the other float.",NA,NA,NA,NA
"22D Bar Harbor Town Pier",44.392212,-68.204084,"Anna Farrell",2017-09-15,"8:43",NA,NA,"6:54",13.9,20.8,4,32,"Low","Partly Cloudy","Calm",9.3,"S",1134,NA,NA,NA,NA,NA
"22D Bar Harbor Town Pier",44.392212,-68.204084,"Anna Farrell",2017-09-20,"8:48",NA,NA,"11:29",13.9,19,3.2,32,"High","Overcast","Waves",8.6,"None",1135,"Storm surge from Hurricane Jose rolling in. Murky water.",NA,NA,NA,NA
"22D Bar Harbor Town Pier",44.392212,-68.204084,"Farrell",2017-09-28,"13:17",NA,NA,"17:34",14.4,20.1,2.8,31,"Medium","Clear","Whitecaps",8.1,"NW",1138,"Swells from the SE.",NA,NA,NA,NA
"22D Bar Harbor Town Pier",44.392212,-68.204084,"Farrell",2017-10-04,"9:00",NA,NA,"10:16",12.9,15.3,5.4,32,"Low","Clear","Ripple",7.7,"NE",1139,"Silver Spoon at the dock. Cruise tenders ferrying back and forth. Secchi disk hit bottom.",NA,NA,NA,NA
"22D Bar Harbor Town Pier",44.392212,-68.204084,"Farrell",2017-10-11,"8:52",NA,NA,"15:43",13.4,13.8,2.3,32,"Low","Clear","Ripple",7.7,"W",1142,"Secchi disk hit bottom.",NA,NA,NA,NA
"22D Bar Harbor Town Pier",44.392212,-68.204084,"Farrell",2017-10-19,"8:58",NA,NA,"11:08",12.6,18.8,4.65,32,"Medium","Clear","Ripple",8.45,"W",1144,"Cruise ship tenders motoring back and forth",NA,NA,NA,NA
"22D Bar Harbor Town Pier",44.392212,-68.204084,"Farrell",2017-10-25,"10:17",NA,NA,"15:08",12.8,17.6,2.85,32,"Medium","Overcast","Waves",7.9,"S",1146,"Swells from the east.",NA,NA,NA,NA
"22D Bar Harbor Town Pier",44.392212,-68.204084,"Farrell",2017-11-03,"9:08",NA,NA,"10:23",12.7,18,4.65,33,"Medium","Partly Cloudy","Waves",7.3,"S",1148,NA,NA,NA,NA,NA
"22D Bar Harbor Town Pier",44.392212,-68.204084,"Farrell/Taylor",2017-12-05,"11:30",NA,NA,"11:24",8.2,7.4,NA,31,"Medium","Overcast","Waves",NA,"SE",1149,"Swells.",NA,NA,NA,NA
"22D Bar Harbor Town Pier",44.392212,-68.204084,"Farrell, Taylor",2017-12-13,"8:45",NA,NA,"7:02",6.7,1,NA,30,"Medium","Overcast","Waves",NA,"NW",1152,NA,NA,NA,NA,NA
"22D Bar Harbor Town Pier",44.392212,-68.204084,"Farrell/Taylor",2017-12-20,"8:52",NA,NA,"11:53",5.4,3.3,NA,34,"Low","Partly Cloudy","Waves",NA,"W",1154,NA,NA,NA,NA,NA
"22D Bar Harbor Town Pier",44.392212,-68.204084,"Farrell/Taylor",2018-05-09,"8:40",NA,NA,"6:21",8.2,7.6,4.5,31,"Low","Fog","Calm",9.6,"NE",1166,"Secchi disk hit bottom. Fire hydrant open and gushing water on E side of the dock. Used DO meter.",NA,NA,NA,NA
"22D Bar Harbor Town Pier",44.392212,-68.204084,"Taylor and Farrell",2018-05-17,"10:58",NA,NA,"12:57",9.3,16,3.95,31,"Low","Overcast","Ripple",9.2,"SE",1172,"Used DO meter.",NA,NA,NA,NA
"22D Bar Harbor Town Pier",44.392212,-68.204084,"Analise Wittenberg, Sara Lowgren",2018-05-23,"10:05",NA,"12:37","6:14",9.7,15.9,3.9,30,"None","Clear","Calm",9.8,"E",1173,"Secchi disk hit bottom. 8 drops test to determine DO.",NA,NA,NA,NA
"22D Bar Harbor Town Pier",44.392212,-68.204084,"Ashley Taylor",2018-05-30,"9:30",NA,NA,"12:20",12.3,16.4,3.8,31,"None","Clear","Calm",9.4,"NE",1177,"pH 8.41",NA,NA,NA,NA
"22D Bar Harbor Town Pier",44.392212,-68.204084,"Farrell",2018-06-07,"8:42",NA,NA,"5:33",10.8,16,4.1,32,"Low","Partly Cloudy","Ripple",9.2,"E",1180,"Julie B. motored by briefly in the middle of sampling. Secchi disk hit bottom.",NA,NA,NA,NA
"22D Bar Harbor Town Pier",44.392212,-68.204084,"Anna Farrell",2018-06-14,"10:52",NA,NA,"11:46",10.8,14,3.3,31,"Low","Overcast","Waves",9.5,"N",1185,"Fisherman hooking fish for bait working on leeward side of dock, the DO meter was used to measure DO",NA,NA,NA,NA
"22D Bar Harbor Town Pier",44.392212,-68.204084,"Analise Wittenburg",2018-06-20,"10:38",NA,"11:12","4:48",12,28,2.6,31,"Low","Clear","Ripple",NA,"W",1186,"Forgot the DO meter",NA,NA,NA,NA
"22D Bar Harbor Town Pier",44.392212,-68.204084,"Anna Farrell",2018-06-28,"9:08",NA,NA,"11:58",11.3,15.8,4.4,32,"Low","Drizzle","Calm",9.2,"S",1197,"Secchi disk hit bottom",NA,NA,NA,NA
"22D Bar Harbor Town Pier",44.392212,-68.204084,"Ashley Taylor",2018-07-05,"9:55",NA,"10:21",NA,16.4,30,2.7,30,"Low","Clear","Ripple",9.7,"W",1200,"Secchi hit bottom.",NA,NA,NA,NA
"22D Bar Harbor Town Pier",44.392212,-68.204084,"Farrell",2018-07-12,"8:38",NA,NA,"10:36",13.7,16.7,3.4,32,"Low","Clear","Ripple",9.4,"NW",1202,"pH: 8.41; Atlanticat steamed by; churned up a lot of sediment and some eelgrass.",NA,NA,NA,NA
"22D Bar Harbor Town Pier",44.392212,-68.204084,"Farrell",2018-07-18,"9:49",NA,"9:50","16:04",13,20.3,2.2,31,"Medium","Partly Cloudy","Ripple",9.2,"N",1207,"Cruise tenders, Low tide, lots of smut in the water. The transparency disc hit the bottom.",NA,NA,NA,NA
"22D Bar Harbor Town Pier",44.392212,-68.204084,"Anna Farrell",2018-07-25,"9:07",NA,"16:11","10:11",14.8,24,3.6,30,"Low","Partly Cloudy","Ripple",9.2,"NW",1211,"pH 8.37 Nutrient vial 1211. Other common phytoplankton was Dactyliosolen",NA,NA,NA,NA
"22D Bar Harbor Town Pier",44.392212,-68.204084,"Farrell",2018-08-01,"9:13",NA,"8:25","14:35",17.2,18,2.6,32,NA,NA,NA,8.2,"E",1222,"Secchi hit bottom",NA,NA,NA,NA
"22D Bar Harbor Town Pier",44.392212,-68.204084,"Farrell",2018-08-08,"9:32",NA,"14:21","20:37",18.6,25.6,4.1,30,"Low","Partly Cloudy","Calm",7.7,"E",1225,"pH 8.43 Second wind, captain obvious --> hosing down deck at dock. 2 fishermen on dock.",NA,NA,NA,NA
"22D Bar Harbor Town Pier",44.392212,-68.204084,"AEF",2018-08-16,"9:25",NA,"9:23","15:36",15.5,21.6,2.3,32,"Medium","Partly Cloudy","Ripple",8.4,"W",1236,"Secchi hit bottom.",NA,NA,NA,NA
"22D Bar Harbor Town Pier",44.392212,-68.204084,"Amber Wolf",2018-08-22,"10:25",NA,"14:44","8:55",15.4,16.7,3.95,31,"Low","Overcast","Ripple",NA,"E",1239,NA,NA,NA,NA,NA
"22D Bar Harbor Town Pier",44.392212,-68.204084,"Farrell",2018-08-29,"8:57",NA,"7:17","13:24",15.8,26,3.1,31,"Low","Clear","Calm",8.2,"NW",1242,"The transparency disc hit bottom.",NA,NA,NA,NA
"22D Bar Harbor Town Pier",44.392212,-68.204084,"Farrell",2018-09-06,"13:20",NA,"8:04","14:10",15.9,25.7,2.7,31,NA,NA,NA,8.2,NA,1246,"2 boats went by. We filtered only 6L instead of 10. There was only 10ml of water instead of 15ml in the falcon tube. The water was really dirty and hard to see through with the microscope.",NA,NA,NA,NA
"22D Bar Harbor Town Pier",44.392212,-68.204084,"Taylor",2018-09-13,"9:15",NA,"8:02","14:11",14.6,19.4,2.6,28,NA,"Partly Cloudy","Ripple",8.2,"NW",1250,"Hit bottom",NA,NA,NA,NA
"22D Bar Harbor Town Pier",44.392212,-68.204084,"Farrell + Wolf",2018-09-19,"10:30",NA,"7:42","13:13",15.2,13.1,3.45,32,NA,NA,NA,8.5,"NE",1253,"pH 8.59",NA,NA,NA,NA
"22D Bar Harbor Town Pier",44.392212,-68.204084,"Farrell",2018-09-26,"9:00",NA,"6:10","12:17",13.4,20.9,2.3,33,"Medium","Overcast","Waves",8.2,"S",1260,"Major swells from the NE",NA,NA,NA,NA
"22D Bar Harbor Town Pier",44.392212,-68.204084,"Taylor/Meyer",2018-10-04,"9:01",NA,"12:52","6:44",13.5,13.6,NA,32,NA,NA,NA,8.2,"S",1262,"pH: 8.4; vial number:1262",NA,NA,NA,NA
"22D Bar Harbor Town Pier",44.392212,-68.204084,"AF +  AT + AW",2018-10-11,"9:47",NA,"19:16","12:55",13.3,9.9,2.55,31,NA,"Drizzle","Waves",8.2,"E",1266,"Vial #1266, boats galore",NA,NA,NA,NA
"22D Bar Harbor Town Pier",44.392212,-68.204084,"Wolf",2018-10-15,"9:28",NA,"10:00","16:07",12.3,15,NA,32,NA,NA,NA,9.3,"S",1271,"Forgot to do transparency",NA,NA,NA,NA
"22D Bar Harbor Town Pier",44.392212,-68.204084,"Taylor/Farrell",2018-10-24,"10:05",NA,"17:23","11:07",11,4.4,1.7,32,"Medium","Overcast","Whitecaps",8.7,"N",1280,"Cruise tenders moving in and out of the area. The water was very choppy and mixed up due to tender motors.",NA,NA,NA,NA
"22D Bar Harbor Town Pier",44.392212,-68.204084,"Farrell + Taylor + Wolf",2018-10-31,"13:20",NA,"10:26","4:19",10,7.8,2.85,33,"Medium","Partly Cloudy","Calm",9.4,"W",1282,"Vail # 1282",NA,NA,NA,NA
"22D Bar Harbor Town Pier",44.392212,-68.204084,"Farrell",2018-11-07,"14:30",NA,"16:25","10:04",10.6,13.8,NA,31,NA,NA,NA,9,"SW",901,"SW swells. pH: 8.48. Vial number 901. Nutrient sample was emptied out for some reason.",NA,NA,NA,NA
"22D Bar Harbor Town Pier",44.392212,-68.204084,"aef",2019-03-26,"16:52",NA,"9:50","16:02",2.5,2.4,NA,31,"Medium","Partly Cloudy","Waves",NA,"NW",1283,NA,NA,NA,NA,NA
"22D Bar Harbor Town Pier",44.392212,-68.204084,"Farrell/Durand",2019-04-01,"9:06",NA,"15:31","9:11",2.3,2.1,NA,31,"Medium","Partly Cloudy","Whitecaps",NA,"NW",1285,"Very windy (15 kts).",NA,NA,NA,NA
"22D Bar Harbor Town Pier",44.392212,-68.204084,"Farrell/Durand",2019-04-09,"13:20",NA,"8:12","14:22",2.6,0.2,3.15,31,"Medium","Overcast","Whitecaps",11.7,"SE",1287,NA,NA,NA,NA,NA
"22D Bar Harbor Town Pier",44.392212,-68.204084,"Faye Durand, Anna Farrell",2019-04-16,"13:35",NA,"15:02","8:40",4.5,8,2.1,31,NA,NA,NA,11.8,"N",1289,"Transparency disc hit bottom. Filtered 5L, not 10.",NA,NA,NA,NA
"22D Bar Harbor Town Pier",44.392212,-68.204084,"Wolf, Farrell, Durand",2019-04-23,"13:22",NA,"8:32","14:45",5.9,5.9,1.8,29,"Medium","Drizzle","Waves",11,"W",1291,"There was still quite a bit of phytoplankton on the filter that didn't get backwashed into the Falcon tube. 10L was very slow to filter.",NA,NA,NA,NA
"22D Bar Harbor Town Pier",44.392212,-68.204084,NA,2019-04-29,"9:00",NA,"14:00","7:39",5.7,5.2,2.7,31,"Medium","Clear","Whitecaps",9.9,"NW",1293,"Secchi Disk hit bottom. Barge at dock, so we filtered off the south side. Was slow to filter.",NA,NA,NA,NA
"22D Bar Harbor Town Pier",44.392212,-68.204084,"Wolf",2019-05-07,"13:44",NA,"13:18","19:19",7.4,16.9,4.45,31,"Medium","Overcast","Ripple",11.5,"NW",1296,"Wind was about 17-20 mph",NA,NA,NA,NA
"22D Bar Harbor Town Pier",44.392212,-68.204084,"Farrell/Durand",2019-05-13,"9:17",NA,"12:43","6:18",7.8,9.4,4,32,"Low","Clear","Ripple",10.5,"E",1297,"Secchi disk hit bottom.",NA,NA,NA,NA
"22D Bar Harbor Town Pier",44.392212,-68.204084,"Wolf",2019-05-20,"10:19",NA,"18:48","12:45",6.8,11.7,3.85,32,"Low","Drizzle","Ripple",9.9,"SE",1299,"Several cruise tenders. 558 Pseudo-Nitzchia in 6 slides.",NA,NA,NA,NA
"22D Bar Harbor Town Pier",44.392212,-68.204084,"Farrell/Aries",2019-05-29,"8:53",NA,"13:56","7:43",8.3,7.3,4.65,30,"Low","Overcast","Ripple",9.4,"NE",1301,"Mother's Nightmare II and Emily Catherine were docked at the pier. Miss Samantha went by. Lots of natural debris in the water.",NA,NA,NA,NA
"22D Bar Harbor Town Pier",44.392212,-68.204084,"Farrell",2019-06-04,"10:13",NA,"6:06","12:15",9.5,15.3,3.3,32,NA,NA,NA,9.15,"NW",1303,"""Next Watch"" tied up on float. Stiff wind. Cat being washed at whale watch pier. Lots of mussel larvae! Winkler titration: 9.0/9.3",NA,NA,NA,NA
"22D Bar Harbor Town Pier",44.392212,-68.204084,"Analise Wittenberg",2019-06-11,"9:02",NA,"12:24","6:04",9.6,15.5,3.85,31,"Low","Overcast","Waves",11.2,"SE",1306,"Nature cruise steamed by. Switched to 10 um filter with 20 um cod end.",NA,NA,NA,NA
"22D Bar Harbor Town Pier",44.392212,-68.204084,"Analise Wittenberg",2019-06-17,"10:09",NA,"5:34","11:45",11.6,19.3,2.75,28,"Medium","Clear","Waves",11.5,"NW",1307,"Nutrient vial was resting in the 5L bucket and was in bucket during first draw of water. Tender vessels coming in and out.",NA,NA,NA,NA
"22D Bar Harbor Town Pier",44.392212,-68.204084,"wittenberg and Howard",2019-06-24,"14:10",NA,"10:36","16:51",12.6,22.4,NA,30,"Low","Clear","Calm",11.5,"N",1316,"Tender vessels moving in and out of port.",NA,NA,NA,NA
"22D Bar Harbor Town Pier",44.392212,-68.204084,"Skye Howard, Analise Wittenberg",2019-07-01,"9:32",NA,"4:06","10:15",14.3,16.9,3.45,30,"Medium","Clear","Waves",10.3,"NW",1318,"nutrient appartus was a little leaky. Acadia explorer, second wind stirred up water.",NA,NA,NA,NA
"22D Bar Harbor Town Pier",44.392212,-68.204084,"Analise Wittenberg, Skye Howard",2019-07-08,"13:45",NA,"10:06","16:21",14.5,22.4,2.3,30,"Low","Clear","Ripple",11.4,"SE",1320,"many boast entering and leaving the harbor by the pier",NA,NA,NA,NA
"22D Bar Harbor Town Pier",44.392212,-68.204084,"Analise, Skye",2019-07-15,"10:18",NA,"16:39","10:38",14.7,20.9,3.3,31,"Medium","Clear","Waves",10.8,"NW",1322,"Boats moving in and out of harbor. Whale watch and tender vessles",NA,NA,NA,NA
"22D Bar Harbor Town Pier",44.392212,-68.204084,"Wittenberg, Farrell",2019-07-22,"14:21",NA,"9:12","15:23",16.1,23.7,2.7,30,"Low","Overcast","Ripple",NA,"NE",1324,"whale watch was tendering, boats in and out at all times. DO meter not working",NA,NA,NA,NA
"22D Bar Harbor Town Pier",44.392212,-68.204084,"Wittenberg, Farrell",2019-07-23,"13:09",NA,"9:53","16:06",16.5,22.3,3.2,30,"Low","Overcast","Ripple",10.3,"E",1325,"D. Norvegica: 409, D. Acuminata: 139, only 5 liters filtered.",NA,NA,NA,NA
"22D Bar Harbor Town Pier",44.392212,-68.204084,"wittenberg, howard",2019-07-29,NA,NA,"14:54","8:54",15.9,23.1,3.9,30,"Medium","Clear","Waves",10.3,NA,1326,"Oil film on water. Private vessels, whale watches, and tender vessels moving around the harbor, extreme tender backwash, 3 ducks. D.Norvegica: 126, D.acuminata: 18",NA,NA,NA,NA
"22D Bar Harbor Town Pier",44.392212,-68.204084,"Analise Wittenberg, Skye Howard",2019-08-07,"13:35",NA,"10:39","10:54",14.1,24.8,4.3,31,"Low","Overcast","Ripple",10.2,"SE",1335,"Boat trafic, Seechi disck hit bottom.",NA,NA,NA,NA
"22D Bar Harbor Town Pier",44.392212,-68.204084,"Farrell",2019-08-13,"9:39",NA,"4:11","10:23",14.7,22.4,5.1,31,NA,NA,NA,9.6,"W",1337,"acadia explorer docked with engines running",NA,NA,NA,NA
"22D Bar Harbor Town Pier",44.392212,-68.204084,"Wittenberg, Wolf",2019-08-20,"13:30",NA,"8:33","14:42",15.5,26.4,4.9,30,"Medium","Clear","Ripple",10.9,"N",1339,"dead grasshopper in the water, lots of dead photosynthetic matter in the foot off the dock.",NA,NA,NA,NA
"22D Bar Harbor Town Pier",44.392212,-68.204084,"Analise and David Wittenberg",2019-08-27,"9:25",NA,"14:29","8:26",14.8,20.5,4.45,32,"Low","Partly Cloudy","Waves",10.1,"W",1348,"No cage weight on the DO meter",NA,NA,NA,NA
"22D Bar Harbor Town Pier",44.392212,-68.204084,"Wittenberg, Farrell",2019-09-03,"13:23",NA,"8:24","14:36",13.7,21.3,4.2,32,"Medium","Partly Cloudy","Waves",8.5,"W",1349,"Bay king III has engines running, cruise tenders running back and forth, queen mary 2 and adventure of the seas cruise ships are in.",NA,NA,NA,NA
"22D Bar Harbor Town Pier",44.392212,-68.204084,"Analise Wittenberg",2019-09-10,"7:45",NA,"2:29","9:08",13.4,12.2,3.4,33,"Medium","Clear","Waves",7.9,"NW",1352,"Brown slimey film on top of water, no tenders running, Julie B. at dock",NA,NA,NA,NA
"22D Bar Harbor Town Pier",44.392212,-68.204084,"Wittenberg",2019-09-16,"13:07",NA,"18:40","12:55",13.9,16.9,2.75,33,"Low","Partly Cloudy","Waves",10.1,"NW",1354,"Whale watch boats tendering, many boats entering and exiting the port. Major stirring up of the water",NA,NA,NA,NA
"22D Bar Harbor Town Pier",44.392212,-68.204084,"A. Wittenberg",2019-09-24,"7:35",NA,"13:04","6:56",13.7,18.8,4.55,33,NA,NA,NA,8.4,"W",1355,"Tenders running, slo. Elena Jane at dock.",NA,NA,NA,NA
"22D Bar Harbor Town Pier",44.392212,-68.204084,"Analise Wittenberg",2019-09-30,"13:35",NA,"18:45","12:29",13.2,14.7,3.45,32,NA,NA,NA,8.9,"NW",1358,"Whale watches tendering. Floating pine needles and loose algae floating in the water.",NA,NA,NA,NA
"22D Bar Harbor Town Pier",44.392212,-68.204084,"A. Wittenberg",2019-10-08,"7:00",NA,"1:31","7:47",12.2,12.4,3.65,32,NA,"Overcast",NA,7.5,"SW",1359,"Lobster boats fueling. Whale watch backwash. Tenders starting to run. PS: chains of 7+ to 12  half filled chlorophyll.",NA,NA,NA,NA
"22D Bar Harbor Town Pier",44.392212,-68.204084,"Analise Wittenberg",2019-10-14,"12:40",NA,"18:06","11:49",12.5,16.5,3.7,32,NA,"Fog",NA,9.1,"SE",1361,"Cruise ship tenders constantly running. Lobster boats always at dock. Foggy weather. Ducks crowd the dock. Lots of floating algae.",NA,NA,NA,NA
"22D Bar Harbor Town Pier",44.392212,-68.204084,"Wittenberg",2019-10-22,"6:45",NA,"11:40","5:45",11.6,6.9,3.6,32,"Low","Clear","Waves",9.6,"S",1364,"Fuel morning, 4 lobster boats in and tubby, sampled off of end of dock to avoid boats, tenders running, potent plankton/algae smell in sample.",NA,NA,NA,NA
"22D Bar Harbor Town Pier",44.392212,-68.204084,"Wittenberg",2019-10-29,"10:45",NA,"5:56","12:06",11.5,11.6,2.05,32,NA,NA,NA,9.2,"S",1366,NA,NA,NA,NA,NA
"22D Bar Harbor Town Pier",44.392212,-68.204084,"Wittenberg",2019-11-04,"14:10",NA,"10:18","16:27",11.5,10.6,3.35,33,"Low","Clear","Ripple",10.6,"SW",1368,NA,NA,NA,NA,NA
"22D Bar Harbor Town Pier",44.392212,-68.204084,"Wittenberg",2019-11-12,"10:15",NA,"16:35","10:15",9,5.5,3,31,"Medium","Overcast","Waves",9.1,"E",1369,"leaves in the water, several rafts of ducks around the harbor.",NA,NA,NA,NA
"22D Bar Harbor Town Pier",44.392212,-68.204084,"Wittenberg",2019-11-18,"13:40",NA,"8:22","14:34",8.7,4.5,2.75,31,NA,"Overcast","Whitecaps",9.1,"N",1371,"Aquascope not used; too windy.",NA,NA,NA,NA
"22D Bar Harbor Town Pier",44.392212,-68.204084,"Wittenberg",2019-11-26,"10:20",NA,"16:21","9:58",7.8,10,3.25,32,"Low","Clear","Ripple",9.5,"SW",1372,"minimal boats moving in the harbor",NA,NA,NA,NA
"22D Bar Harbor Town Pier",44.392212,-68.204084,"Durand/Farrell",2020-02-24,"10:28",NA,"5:13","11:21",1.9,2.1,5.7,34,"Low","Clear","Ripple",11.8,"W",1373,"Secchi disk hit bottom. Some fog off around the Porcupines.",NA,NA,NA,NA
"22D Bar Harbor Town Pier",44.392212,-68.204084,"Farrell/Durand",2020-03-09,"10:17",NA,"4:55","11:07",2.7,11.6,5.45,33,"Low","Partly Cloudy","Ripple",12.3,"E",1374,NA,NA,NA,NA,NA
"22D Bar Harbor Town Pier",44.392212,-68.204084,"Farrell",2020-03-25,"13:09",NA,"18:40","12:32",3.8,10.6,2.95,34,"Medium","Partly Cloudy","Whitecaps",11,"SE",1375,NA,NA,NA,NA,NA
"22D Bar Harbor Town Pier",44.392212,-68.204084,"Farrell",2020-04-01,"15:45",NA,"11:16","17:30",4.2,5.6,4.9,31,"Low","Overcast","Waves",11.8,"N",1376,"Secchi hit bottom.",NA,NA,NA,NA
"22D Bar Harbor Town Pier",44.392212,-68.204084,"Farrell",2020-04-08,"12:18",NA,"17:51","11:39",5.1,10,5.85,NA,"Medium","Clear","Waves",10.7,"SE",1377,"Did not take salinity - refractometer left in the lab.",NA,NA,NA,NA
"22D Bar Harbor Town Pier",44.392212,-68.204084,"Farrell",2020-04-17,"10:03",NA,"14:04","7:41",5.2,5.9,4,NA,"Low","Partly Cloudy","Waves",10.3,"NW",1378,"Secchi hit bottom. Tubby working on the next float over putting moorings in. Did not take salinity - refractometer left in the lab.",NA,NA,NA,NA
"22D Bar Harbor Town Pier",44.392212,-68.204084,"Farrell",2020-04-24,"12:09",NA,"6:33","12:40",5.5,10,3.95,NA,"Low","Partly Cloudy","Waves",11,"SE",1379,"Catman tied up alongside. Engine and hose running (sewater, presumably). Did not take salinity - refractometer left in the lab.",NA,NA,NA,NA
"22D Bar Harbor Town Pier",44.392212,-68.204084,"Farrell",2020-05-03,"9:24",NA,"13:53","7:33",6.9,8.8,2.7,NA,"High","Overcast","Whitecaps",12.2,"W",1380,"Stong current! NE swells ~1 ft. Did not take salinity - refractometer left in the lab.",NA,NA,NA,NA
"22D Bar Harbor Town Pier",44.392212,-68.204084,"Farrell",2020-05-06,"10:54",NA,"16:38","10:28",7.1,14,4.65,NA,"Low","Clear","Waves",10.2,"N",1381,"Julie B. tied up alongside - left halfway through sampling. Did not take salinity - refractometer left in the lab.",NA,NA,NA,NA
"22D Bar Harbor Town Pier",44.392212,-68.204084,"Farrell",2020-05-12,"5:41",NA,"9:33","3:03",6.5,7.1,3.5,33,"Low","Overcast","Ripple",NA,"S",1382,"Forgot DO meter.",NA,NA,NA,NA
"22D Bar Harbor Town Pier",44.392212,-68.204084,"Farrell",2020-05-21,"10:30",NA,"17:00","11:00",9.3,19.3,3.7,34,NA,"Clear","Ripple",10.6,"W",1383,NA,NA,NA,NA,NA
"22D Bar Harbor Town Pier",44.392212,-68.204084,"Farrell",2020-05-28,"13:10",NA,"9:38","15:53",12.6,22.6,3.85,33,NA,"Partly Cloudy","Waves",10.5,"W",1385,"Windy! Sampled off the inside float. Outside float was occupied.",NA,NA,NA,NA
"22D Bar Harbor Town Pier",44.392212,-68.204084,"Farrell",2020-06-03,"8:03",NA,"3:04","9:15",9.8,10.5,4.8,34,NA,"Overcast","Ripple",9.6,"E",1387,"Sampled from the east float. Construction on other side. Lots of poop on the dock.",NA,NA,NA,NA
"22D Bar Harbor Town Pier",44.392212,-68.204084,"Farrell",2020-06-10,"10:10",NA,"9:08","15:22",11.3,15.3,2.6,33,NA,"Partly Cloudy","Ripple",10.1,"E",1389,"secchi hit bottom",NA,NA,NA,NA
"22D Bar Harbor Town Pier",44.392212,-68.204084,"Farrell",2020-06-17,"9:58",NA,"14:59","8:56",13.1,16.1,4.15,33,"Low","Clear","Ripple",NA,"NE",1391,"DO probe not recording.",NA,NA,NA,NA
"22D Bar Harbor Town Pier",44.392212,-68.204084,"Farrell",2020-06-25,"14:51",NA,"20:45","14:44",15.7,25,4.25,32,NA,"Clear","Ripple",NA,"S",1393,"DO meter not working.",NA,NA,NA,NA
"22D Bar Harbor Town Pier",44.392212,-68.204084,"Farrell",2020-07-02,"12:46",NA,"15:05","9:00",15.3,25.4,3.35,32,NA,"Clear","Ripple",10.5,"W",1395,"Captain Collie unloading at pier. Friendship V's engines running. Bait slick on surface.",NA,NA,NA,NA
"22D Bar Harbor Town Pier",44.392212,-68.204084,"Farrell",2020-07-08,"10:28",NA,"7:54","14:05",13.8,19.5,3.6,34,NA,"Overcast","Ripple",9.5,"S",1397,"Secchi hit bottom.",NA,NA,NA,NA
"22D Bar Harbor Town Pier",44.392212,-68.204084,"Farrell",2020-07-15,"13:49",NA,"13:22","7:18",18.3,22.3,2.9,32,NA,"Clear","Ripple",9.1,"S",1399,"Secchi hit bottom",NA,NA,NA,NA
"22D Bar Harbor Town Pier",44.392212,-68.204084,"Anna Farrell",2020-07-22,"10:14",NA,"6:39","12:48",17.8,27,4.4,33,"Low","Partly Cloudy","Calm",9.2,"NW",1401,"Lots of seaweed floating around dock.",NA,NA,NA,NA
"22D Bar Harbor Town Pier",44.392212,-68.204084,"Farrell",2020-07-30,"10:51",NA,"13:51","7:46",15.9,31,4,32,"Low","Clear","Calm",9.2,"NE",1403,"Secchi hit bottom",NA,NA,NA,NA
"22D Bar Harbor Town Pier",44.392212,-68.204084,"Farrell",2020-08-05,"11:21",NA,"6:45","12:53",14,28,3.55,34,"Low","Clear","Ripple",NA,"S",1406,"Swells from the east. Breezy! Nutrient vial at lab -- kept syringe on ice. Forgot DO meter.",NA,NA,NA,NA
"22D Bar Harbor Town Pier",44.392212,-68.204084,"Farrell",2020-08-11,"14:42",NA,"10:51","17:05",16.8,28,3.9,33,"Medium","Clear","Whitecaps",11,"SE",1407,NA,NA,NA,NA,NA
"22D Bar Harbor Town Pier",44.392212,-68.204084,"Farrell/Durand",2020-08-19,"10:03",NA,"5:28","11:37",16.5,19,3.65,33,"Low","Clear","Waves",9.8,"NE",1409,NA,NA,NA,NA,NA
"22D Bar Harbor Town Pier",44.392212,-68.204084,"Farrell",2020-08-26,"14:55",NA,"11:29","17:46",15.5,22,3.15,34,"Medium","Clear","Whitecaps",10.4,"N",1411,"Super choppy and windy.",NA,NA,NA,NA
"22D Bar Harbor Town Pier",44.392212,-68.204084,"Farrell and Durand",2020-09-02,"12:32",NA,"17:56","11:50",13.4,22,3.65,34,NA,"Partly Cloudy","Ripple",NA,"E",1414,"Lots of lobstering activity. Poseidon, Mother's Nightmare (boats).",NA,NA,NA,NA
"22D Bar Harbor Town Pier",44.392212,-68.204084,"Durand/Farrell",2020-09-09,"14:49",NA,"10:05","16:17",15.3,22,3.4,33,"Low","Partly Cloudy","Waves",12.7,"SE",1416,"Foggy, but not overly so.",NA,NA,NA,NA
"22D Bar Harbor Town Pier",44.392212,-68.204084,"Durand/Farrell",2020-09-16,"13:18",NA,"16:29","10:22",13.9,18.7,3.65,33,"High","Clear","Whitecaps",NA,"SW",1417,"Very windy - 22 mph sustained with gusts. Friendship V steamed by. DO meter battery dead.",NA,NA,NA,NA
"22D Bar Harbor Town Pier",44.392212,-68.204084,"Farrell",2020-09-24,"11:42",NA,"11:12","17:27",13.7,20.3,NA,34,NA,"Clear","Waves",2.7,"W",1419,"Secchi hit bottom.",NA,NA,NA,NA
"22D Bar Harbor Town Pier",44.392212,-68.204084,"Durand/Farrell",2020-10-01,"13:00",NA,"17:31","11:20",14.1,18.8,3.55,34,"Medium","Clear","Ripple",10.6,"W",1424,"Breezy! Underlying swells.",NA,NA,NA,NA
"22D Bar Harbor Town Pier",44.392212,-68.204084,"Durand/Farrell",2020-10-07,"15:28",NA,"21:15","14:50",13.1,16.9,4.25,34,"Low","Overcast","Ripple",11.2,"S",1424,"Brooke Shannon tied up alongside.",NA,NA,NA,NA
"22D Bar Harbor Town Pier",44.392212,-68.204084,"Farrell",2020-10-15,"10:03",NA,"9:52","16:05",12.2,15.9,3.75,34,"Low","Partly Cloudy","Ripple",12,"SW",1425,"Swells coming out of the East.",NA,NA,NA,NA
"22D Bar Harbor Town Pier",44.392212,-68.204084,"Farrell/Durand",2020-10-21,"14:22",NA,"8:46","14:56",12.2,13.5,3.55,35,"Low","Drizzle","Calm",12.3,"SE",1427,"Beth Said Yes.",NA,NA,NA,NA
"22D Bar Harbor Town Pier",44.392212,-68.204084,"Durand",2020-10-29,"13:29",NA,"16:27","10:13",11.1,9.7,3.6,33,NA,"Overcast","Ripple",12.3,"W",1429,"Secchi hit bottom.",NA,NA,NA,NA
"22D Bar Harbor Town Pier",44.392212,-68.204084,"Farrell",2020-11-04,"13:25",NA,"19:05","12:39",10.1,3.9,5.5,35,NA,"Overcast","Ripple",12,"W",1431,"Rip Tide pulled up alongside. Freshwater running at opposite end of float. Secchi hit bottom.",NA,NA,NA,NA
"22D Bar Harbor Town Pier",44.392212,-68.204084,"Farrell",2020-11-11,"12:39",NA,"12:52","6:39",11.1,16.8,NA,35,NA,"Overcast","Waves",11.9,"SW",1433,"Tubby, Bailey G. tied up. Did not do transparency.",NA,NA,NA,NA
"22D Bar Harbor Town Pier",44.392212,-68.204084,"Faye and Anna",2021-01-13,"14:34",NA,"16:55","10:26",4.1,4.5,2.5,34,"Low","Partly Cloudy","Ripple",16.8,"NW",1434,"Secchi hit bottom. DO probe needs to be changed. 16.8 is way high.",NA,NA,NA,NA
"22D Bar Harbor Town Pier",44.392212,-68.204084,"Faye and Anna",2021-01-21,"15:01",NA,"11:02","17:08",2.8,-3.4,4.5,34,NA,NA,"Ripple",12.9,"NE",1435,"Weather: Snow",NA,NA,NA,NA
"22D Bar Harbor Town Pier",44.392212,-68.204084,"Farrell, Jon, and Alexis",2021-02-01,"13:08",NA,"19:26","13:06",1.4,0.3,5.2,35,"Low","Partly Cloudy","Whitecaps",13.7,"NE",1436,NA,NA,NA,NA,NA
"22D Bar Harbor Town Pier",44.392212,-68.204084,"Anna Farrell, Jonathan Matt, Alexis Garretson",2021-02-09,"18:10","Out (tide is falling)","15:02","8:32",1,-4.3,2.25,34,"slow","Overcast","Ripple",13,"West",1438,"Secchi hit bottom",NA,NA,NA,NA
"22D Bar Harbor Town Pier",44.392212,-68.204084,"Alexis Garretson, Jonathan Matt",2021-02-23,"16:54",NA,"13:56","7:25",2,3.4,2.95,31,"medium","Partly Cloudy","Waves",14.6,"Northeast",1439,"Secchi hit bottom, 15 mL in green vial",NA,NA,NA,NA
"22D Bar Harbor Town Pier",44.392212,-68.204084,"Alexis Garretson, Jonathan Matt",2021-03-04,"21:47","Out (tide is falling)","14:34","20:33",1.9,1.3,3,35,"medium","Clear","Whitecaps",14.5,"Southeast",1440,NA,NA,NA,NA,NA
"22D Bar Harbor Town Pier",44.392212,-68.204084,"Alexis Garretson, Jonathan Matt",2021-03-11,"20:10","Out (tide is falling)","15:39","9:16",2.5,8.8,1.95,36,"slow","Clear","Calm",15,"South",1442,"Secchi disc hit bottom, wind direction shifted to NE while sampling",NA,NA,NA,NA
"22D Bar Harbor Town Pier",44.392212,-68.204084,"Alexis Garretson, Jonathan Matt",2021-03-16,"20:40","Out (tide is falling)","19:52","13:42",0.1,-2.5,3,34,"medium","Clear","Ripple",15.2,"South",1443,"Air temperature taken with Sonde probe",NA,NA,NA,NA
"22D Bar Harbor Town Pier",44.392212,-68.204084,"Alexis Garretson, Jonathan Matt",2021-03-23,"20:20",NA,"13:15","19:29",3.9,10.8,3.7,35,"slow","Clear","Ripple",15.1,"East",1445,"Wind direction shifted to W while sampling. Secchi disk hit bottom.",NA,NA,NA,NA
"22D Bar Harbor Town Pier",44.392212,-68.204084,"Alexis Garretson, Jonathan Matt",2021-03-30,"20:15","Out (tide is falling)","18:52","12:41",4,8.3,2.9,34,"slow","Clear","Calm",14.4,"North",1446,"Secchi disk hit bottom",NA,NA,NA,NA
"22D Bar Harbor Town Pier",44.392212,-68.204084,"Alexis Garretson, Jonathan Matt",2021-04-06,"20:40","In (tide is rising)","13:32","19:49",5.2,11.3,3.55,33,"slow","Partly Cloudy","Ripple",14,"Southeast",1448,NA,NA,NA,NA,NA
"22D Bar Harbor Town Pier",44.392212,-68.204084,"Alexis Garretson, Jonathan Matt",2021-04-13,"20:40","Out (tide is falling)","18:45","12:40",7.8,11.2,2.9,34,"slow","Partly Cloudy","Waves",13.9,"Southwest",1449,"Secchi disk hit bottom",NA,NA,NA,NA
"22D Bar Harbor Town Pier",44.392212,-68.204084,"Jonathan Matt, Alexis Garretson",2021-04-20,"20:00","In (tide is rising)","11:32","17:48",7.4,16.6,3.65,33,"slow","Partly Cloudy","Ripple",15,"North",1450,NA,NA,NA,NA,NA
"22D Bar Harbor Town Pier",44.392212,-68.204084,"Jonathan Matt, Alexis Garretson",2021-04-27,"20:55","In (tide is rising)","17:39","23:48",7.9,16.7,2.3,33,"slow","Partly Cloudy","Waves",13.6,"Southeast",1451,"Secchi disk hit bottom",NA,NA,NA,NA
"22D Bar Harbor Town Pier",44.392212,-68.204084,"Alexis Garretson",2021-05-06,"19:00","In (tide is rising)","14:06","20:22",8.2,11.9,2.9,34,"medium","Overcast","Whitecaps",14,"East",1453,"Secchi disk hit bottom",NA,NA,NA,NA
"22D Bar Harbor Town Pier",44.392212,-68.204084,"Alexis Garretson, Jonathan Matt",2021-05-11,"20:30","Out (tide is falling)","17:41","11:39",8.7,10.8,2.9,33,"slow","Overcast","Ripple",14.3,"East",1454,"Secchi disk hit bottom",NA,NA,NA,NA
"22D Bar Harbor Town Pier",44.392212,-68.204084,"Alexis Garretson, Jonathan Matt",2021-05-18,"20:00","In (tide is rising)","10:07","16:21",12,23.3,3.4,32,"slow","Partly Cloudy","Ripple",13.4,"East",1455,NA,NA,NA,NA,NA
"22D Bar Harbor Town Pier",44.392212,-68.204084,"Alexis Garretson, Jonathan Matt",2021-05-26,"20:32","Out (tide is falling)","17:15","11:12",10.9,26.6,2.4,32,"medium","Clear","Ripple",13,"Northeast",1456,"Secchi disk hit bottom",NA,NA,NA,NA
"22D Bar Harbor Town Pier",44.392212,-68.204084,"Alexis Garretson & Jonathan Matt",2021-06-01,"21:15","Out (tide is falling)","23:02","16:53",12,25.7,3.8,33,"slow","Partly Cloudy","Ripple",11.7,"Northeast",1457,NA,NA,NA,NA,NA
"22D Bar Harbor Town Pier",44.392212,-68.204084,"AEF",2021-06-10,"15:20","In (tide is rising)","5:44","11:52",15,19.4,1.75,32,"medium","Partly Cloudy","Waves",9.6,"Northwest",1459,"3.49"" of rain in past 48 hours. Water is stirred up.",NA,NA,NA,NA
"22D Bar Harbor Town Pier",44.392212,-68.204084,"Alexis Garretson, Jonathan Matt",2021-06-19,"22:15","In (tide is rising)","12:14","18:32",NA,NA,3.6,34,"medium","Rain","Waves",NA,"East",1460,"No DO, YSI needed new sensor. No temps, thermometer battery dead. DNA 0.45 um filtered using field syringe filter in lab because out of larger filters for vacuum filter. DNA sample labeled with blue label with asterisk instead of red label because we are out of red labels.",NA,NA,NA,NA
"22D Bar Harbor Town Pier",44.392212,-68.204084,"Alexis Garretson, Jonathan Matt",2021-06-25,"14:05","In (tide is rising)","5:40","11:51",12.7,18.4,3.3,33,"slow","Overcast","Calm",9.6,"Northeast",1462,NA,NA,NA,NA,NA
"22D Bar Harbor Town Pier",44.392212,-68.204084,"Jonathan Matt, Alexis Garretson",2021-07-04,"20:04","In (tide is rising)","13:37","19:52",14.1,14.6,2.3,31,"medium","Rain","Ripple",8.8,"Southeast",1463,NA,NA,NA,NA,NA
"22D Bar Harbor Town Pier",44.392212,-68.204084,"Alexis Garretson, Jonathan Matt",2021-07-16,"18:15","In (tide is rising)","10:01","16:16",15.5,28.3,2.8,32,"medium","Partly Cloudy","Ripple",8.3,"Northeast",1465,NA,NA,NA,NA,NA
"22D Bar Harbor Town Pier",44.392212,-68.204084,"Jonathan Matt, Alexis Garretson, Gabriel McMillen, Uma Arora",2021-07-21,"23:22","In (tide is rising)","14:49","21:04",15.2,15.8,3.45,32,"slow","Overcast","Ripple",9.1,"Northwest",1466,NA,NA,NA,NA,NA
"22D Bar Harbor Town Pier",44.392212,-68.204084,"Alexis Garretson, Uma Arora, Jonathan Matt",2021-07-28,"22:27","Out (tide is falling)","21:06","14:56",17.6,22.5,3.65,33,"medium","Partly Cloudy","Calm",8.3,"Southeast",1467,"Secchi disk hit bottom, Temp taken with handheld thermometer instead of DO probe, wind was slow",NA,NA,NA,NA
"22D Bar Harbor Town Pier",44.392212,-68.204084,"Alexis Garretson, Jonathan Matt",2021-08-07,"21:20","In (tide is rising)","16:52","23:00",17.6,18.8,2.8,32,"slow","Partly Cloudy","Calm",9.6,"West",1468,"Secchi disk hit bottom",NA,NA,NA,NA
"22D Bar Harbor Town Pier",44.392212,-68.204084,"Alexis Garretson, Samia Pratt",2021-08-15,"23:07","Out (tide is falling)","23:09","16:09",18.9,22.8,2.85,32,"slow","Clear","Ripple",9.5,"Northwest",1469,"Air temperature taken with Sonde probe because all temperature probes are broken",NA,NA,NA,NA
"22D Bar Harbor Town Pier",44.392212,-68.204084,"Alexis Garretson, Madison Armstrong, Mihir Arora, Uma Arora",2021-08-20,"21:27","In (tide is rising)","15:41","21:53",16.5,20.2,NA,33,"medium","Partly Cloudy","Ripple",9.9,"Southeast",1470,"Water level: 3.35 m",NA,NA,NA,NA
"22D Bar Harbor Town Pier",44.392212,-68.204084,"Alexis Garretson",2021-08-31,"11:58","Out (tide is falling)","12:05","6:04",20.9,15.6,4.22,33,"slow","Clear","Calm",8.4,"Northwest",1471,"Bottom: 4.6 m",NA,NA,NA,NA
"22D Bar Harbor Town Pier",44.392212,-68.204084,"Alexis Garretson, Madison Armstrong, Jonathan Matt, Samia Pratt",2021-09-03,"20:03","In (tide is rising)","14:50","21:01",16,19.2,3.2,33,"medium","Partly Cloudy","Ripple",8.1,"Northwest",1472,"Secchi disk hit bottom",NA,NA,NA,NA
"22D Bar Harbor Town Pier",44.392212,-68.204084,"Alexis Garretson, Uma Arora, Jonathan Matt",2021-09-13,"0:06","Out (tide is falling)","21:52","15:26",14.5,21.7,3.2,33,"medium","Partly Cloudy","Ripple",8.3,"Northeast",1473,"Depth: 4.2; Took secchi disk at dusk",NA,NA,NA,NA
"22D Bar Harbor Town Pier",44.392212,-68.204084,"Samia Pratt, Alexis Garretson",2021-09-16,"22:06","Out (tide is falling)","13:30:00","19:45",15.3,18.7,2.95,33,"medium","Clear","Calm",8.9,"Southeast",1474,"Depth: 4.36; current: medium",NA,NA,NA,NA
"22D Bar Harbor Town Pier",44.392212,-68.204084,"Alexis Garretson, Samia Pratt, Madison Armstrong, Uma Arora",2021-09-23,"22:32","Out (tide is falling)","19:21","13:04",15.1,22.6,2.6,33,"slow","Overcast","Ripple",8.3,"Northwest",1475,NA,NA,NA,NA,NA
"22D Bar Harbor Town Pier",44.392212,-68.204084,"Uma Arora, Alexis Garretson, Samia Pratt",2021-10-03,"22:34","In (tide is rising)","15:02","21:12",14.5,14,2,34,"slow","Overcast","Calm",8.6,"Northwest",1477,"Current: slow, dusk sampling, water depth: 4.6",NA,NA,NA,NA
"22D Bar Harbor Town Pier",44.392212,-68.204084,"Alexis Garretson, Jonathan Matt",2021-10-11,"21:20","Out (tide is falling)","21:37","15:06",14,19,4.35,34,"medium","Partly Cloudy","Calm",9.1,"North",1378,"Current: medium, depth 5.2, almost no wind, Zooplankton: P (1-10%)",NA,NA,NA,NA
"22D Bar Harbor Town Pier",44.392212,-68.204084,"Alexis Garretson, Uma Arora",2021-10-20,"17:16","Out (tide is falling)","17:38","11:21",13.1,17.5,3.95,35,"medium","Partly Cloudy","Waves",9.2,"North",1480,NA,NA,NA,NA,NA
"22D Bar Harbor Town Pier",44.392212,-68.204084,"Alexis Garretson, Jonathan Matt",2021-11-07,"20:38","Out (tide is falling)","18:27","11:59",11.9,11,6.64,35,"slow","Clear","Ripple",10.7,"Northeast",1482,"Zooplankton very active, impeded count, likely an underestimate as a result. Secchi disk hit bottom.",NA,NA,NA,NA
"22D Bar Harbor Town Pier",44.392212,-68.204084,"Alexis Garretson, Uma Arora, Samia Pratt, Madison Armstrong",2021-11-11,"14:54","Out (tide is falling)","9:49","3:42",10.7,8.8,2.7,35,"rapid","Clear","Waves",9.8,"Southeast",1483,"Secchi disk hit bottom, strong current and moderate breeze",NA,NA,NA,NA
"22D Bar Harbor Town Pier",44.392212,-68.204084,"Alexis Garretson, Uma Arora, Madison Armstrong, Samia Pratt",2021-11-18,"14:07","In (tide is rising)","3:47","9:48",10.3,13.9,3.05,35,"medium","Overcast","Ripple",10.3,"Southwest",1484,"Wind Speed: 3, Current: Medium-high, Depth: 5.9",NA,NA,NA,NA
"22G MDIBL Dock",44.433552,-68.290377,"Farrell",2016-06-03,"10:30",NA,NA,"9:45",12.4,11.8,5.25,31,"None","Fog","Calm",7.8,"SE",NA,NA,0.09,0.9,0.13,0.6
"22G MDIBL Dock",44.433552,-68.290377,"Farrell",2016-06-09,"12:39",NA,NA,"12:28",11.9,15.6,3.3,31,"High","Partly Cloudy","Whitecaps",8.15,"NW",NA,NA,1.38,3.79,4.14,0.83
"22G MDIBL Dock",44.433552,-68.290377,"Phippen, Maddalone",2016-06-13,"9:35",NA,NA,NA,10.8,12.7,4.5,30,NA,NA,NA,7.55,"NW",NA,"Secchi Disk hit bottom",1.71,2.16,5.3,0.56
"22G MDIBL Dock",44.433552,-68.290377,"Farrell",2016-06-20,"12:55",NA,NA,"11:44",11.6,18,NA,32,"Low","Clear","Waves",8.5,"W",NA,"No transparency taken",0.64,2.34,0.31,0.65
"22G MDIBL Dock",44.433552,-68.290377,"Phippen, Berry-Sandelin",2016-06-28,"11:02",NA,"11:35",NA,12,20,2.3,33,"Low","Overcast","Ripple",7.85,"S",NA,"Secchi disk hit bottom.",0.9,5.79,3.74,0.62
"22G MDIBL Dock",44.433552,-68.290377,"Phippen",2016-07-05,"13:05",NA,NA,"12:13",14.9,18.4,5.35,32,"Low","Partly Cloudy","Calm",6.75,"SW",NA,NA,1.91,5.65,4.12,0.86
"22G MDIBL Dock",44.433552,-68.290377,"Phippen",2016-07-11,"12:50",NA,NA,"17:04",15,18.9,2.9,33,NA,"Clear","Whitecaps",7.45,"NE",NA,NA,1.06,7.81,8.34,0.97
"22G MDIBL Dock",44.433552,-68.290377,"Stephanie Phippen",2016-07-21,"10:32",NA,"6:25","12:34",16.5,23.9,3.9,32,"Low","Clear","Ripple",8.1,"NW",NA,NA,2.07,7.95,1.61,0.64
"22G MDIBL Dock",44.433552,-68.290377,"Phippen",2016-07-25,"9:30",NA,"9:25","15:39",16.2,23,NA,33,NA,NA,NA,8.3,"S",NA,NA,2,9.65,4.97,0.69
"22G MDIBL Dock",44.433552,-68.290377,"Phippen",2016-08-01,"10:30",NA,NA,"10:16",17.4,23,3,32,"None","Partly Cloudy","Ripple",6.9,"E",NA,NA,0.69,6.13,0.19,0.58
"22G MDIBL Dock",44.433552,-68.290377,"Farrell",2016-08-08,"13:50",NA,NA,"15:31",17.3,25.8,3.6,32,"Medium","Clear","Whitecaps",7,"NW",NA,NA,1.56,10.21,3.17,0.45
"22G MDIBL Dock",44.433552,-68.290377,"Farrell",2016-08-15,"11:17",NA,NA,"9:10",18,24,3.9,31,"Medium","Partly Cloudy","Waves",7.85,"W",NA,NA,0.63,10.72,0.58,0.34
"22G MDIBL Dock",44.433552,-68.290377,"Farrell",2016-08-23,"13:22",NA,NA,"15:18",17.1,23.7,2.9,31,"Low","Clear","Ripple",7.8,"NW",NA,NA,0.87,3.73,0.12,0.6
"22G MDIBL Dock",44.433552,-68.290377,"Stephanie Phippen",2016-08-29,"9:30",NA,"2:56","9:08",16.4,22.9,3.225,31,NA,NA,NA,6.85,"S",NA,NA,0.6,4.1,0.1,0.52
"22G MDIBL Dock",44.433552,-68.290377,"Stephanie Phippen",2016-09-06,"13:20",NA,"8:41","14:50",16.1,19.4,2.1,32,NA,NA,NA,8.25,"E",NA,NA,1.01,3.67,0.84,0.42
"22G MDIBL Dock",44.433552,-68.290377,"Stephanie Phippen",2016-09-12,"13:20",NA,"13:43","19:55",16.6,21.6,2.6,31,NA,NA,NA,7.8,"W",NA,"Secchi Disk hit bottom.",0.8,5.77,1.34,0.7
"22G MDIBL Dock",44.433552,-68.290377,"Farrell",2016-09-21,"13:29",NA,NA,"14:57",16.4,23.8,3.55,32,"Low","Clear","Waves",5.9,"W",NA,NA,3.89,10.32,1.29,0.57
"22G MDIBL Dock",44.433552,-68.290377,"Farrell",2016-09-27,"11:00",NA,NA,"8:53",13.8,15,4.45,31,"Low","Overcast","Ripple",7.2,"W",NA,NA,3.88,11.61,1.99,0.74
"22G MDIBL Dock",44.433552,-68.290377,NA,2016-10-03,"10:45",NA,NA,NA,14.1,19.1,3.85,32,NA,NA,NA,6.8,"E",NA,NA,0.62,6.46,3.37,0.67
"22G MDIBL Dock",44.433552,-68.290377,"Farrell",2016-10-14,"9:28",NA,NA,"9:34",12.6,8.9,4.3,33,"Medium","Clear","Whitecaps",7.1,"NW",NA,NA,1.07,3.25,2.72,0.61
"22G MDIBL Dock",44.433552,-68.290377,"Farrell",2016-10-19,"13:40",NA,NA,"13:41",13.7,22.5,4.45,32,"Low","Clear","Waves",8,"NW",NA,NA,0.54,2.42,0.81,0.2
"22G MDIBL Dock",44.433552,-68.290377,"Farrell, Phippen",2016-10-27,"9:30",NA,NA,"9:19",11.4,7.1,NA,32,NA,NA,NA,8.3,"E",NA,"Dock was out of water. Sampled from rocks across the cove. Unable to do transpacency on the rocks.",0.34,2.71,1.09,0.22
"22G MDIBL Dock",44.433552,-68.290377,"Farrell",2017-02-27,"12:45",NA,NA,"11:05",2.3,7.3,NA,31,NA,NA,NA,NA,"NW",1022,"Sampled in Salsbury Cove from the lab beach as the MDIBL dock is not in the water yet. No DO or transparency measurements taken. Only counted Pseudo-nitzschia cells. Meltwater flowing into the cove from drainpipe.",5.32,10.76,0.39,0.42
"22G MDIBL Dock",44.433552,-68.290377,"Farrell",2017-04-06,"9:34",NA,NA,"13:12",2.6,3.1,NA,30,NA,"Overcast",NA,NA,"E",1023,NA,6.15,13.19,5.96,0.21
"22G MDIBL Dock",44.433552,-68.290377,"Farrell",2017-04-13,"12:40",NA,NA,NA,7.2,8.1,NA,32,NA,NA,NA,9.55,"NW",1024,NA,0.68,4.75,2.93,0.19
"22G MDIBL Dock",44.433552,-68.290377,"Patrianna Anderson, Sara Lowgren",2017-04-19,"9:44",NA,NA,"4:58",6.2,6.6,NA,31,NA,"Overcast","Calm",11.6,"E",1025,"Sampled during low tide at the MDIBL beach",0.67,5.71,0.14,0.52
"22G MDIBL Dock",44.433552,-68.290377,"Sara Lowgren, Anna Farrell",2017-04-26,"9:51",NA,NA,"11:15",6.4,10.3,NA,31,NA,"Drizzle","Waves",9.5,"NE",1026,"Collected at the MDIBL beach",4.11,8.77,3.63,0.42
"22G MDIBL Dock",44.433552,-68.290377,"Sara Lowgren, Patrianna Anderson, Anna Farrell",2017-05-03,"9:50",NA,"11:47",NA,9,15,NA,30,NA,"Clear","Calm",11.05,"NW",1027,NA,1.07,12.35,2.71,0.55
"22G MDIBL Dock",44.433552,-68.290377,"Sara Lowgren, Patrianna Anderson",2017-05-10,"9:50",NA,NA,"11:32",9,10,NA,25,NA,"Drizzle","Calm",9.25,"NE",1028,"Sampled on MDIBL beach",22.16,29.57,2.07,0.38
"22G MDIBL Dock",44.433552,-68.290377,"Anna Farrell",2017-05-17,"13:55",NA,NA,NA,11.2,24.6,NA,30,"Low","Clear","Calm",10.1,"W",1029,"Sampled from the lab beach as the dock still isn't in.",12.49,17.79,1.31,0.68
"22G MDIBL Dock",44.433552,-68.290377,"Farrell",2017-05-25,"9:47",NA,NA,"10:59",10.9,13.5,3.35,31,"Low","Overcast","Waves",9.7,"NE",1031,NA,0.09,3.2,0.34,0.36
"22G MDIBL Dock",44.433552,-68.290377,"Farrell",2017-05-30,"16:13",NA,NA,"15:30",10,10.5,3.1,31,"Low","Overcast","Ripple",9.7,"S",1032,"DA and DNA",0.03,1.14,0.46,0.56
"22G MDIBL Dock",44.433552,-68.290377,"Anna, Danny, Ashley",2017-06-06,"11:16",NA,NA,"9:41",10.2,13.5,NA,32,"Medium","Overcast","Whitecaps",9.35,"E",1034,"The water was too rough to do transparency",0.09,0.58,0.31,0.55
"22G MDIBL Dock",44.433552,-68.290377,NA,2017-06-12,"13:09",NA,NA,"13:38",15,25.5,3.2,30,NA,"Clear",NA,8.8,"E",1036,NA,0.08,0.26,0.55,0.25
"22G MDIBL Dock",44.433552,-68.290377,"Danny Graves",2017-06-19,"9:15",NA,NA,"6:37",12,17.1,5.3,32,"Low","Overcast","Calm",9,"W",1045,"Secchi disk his bottom",0.12,0.78,3.85,0.47
"22G MDIBL Dock",44.433552,-68.290377,"Sierra",2017-06-26,"9:45",NA,NA,NA,13,19.5,2.575,31,NA,NA,NA,9,"NE",1052,NA,0.39,0.78,7,0.44
"22G MDIBL Dock",44.433552,-68.290377,"Kyle McGadney",2017-07-03,"10:50",NA,NA,NA,16.4,24.5,3.55,32,NA,NA,NA,8.3,"W",1054,NA,0.09,2.31,0.39,0.39
"22G MDIBL Dock",44.433552,-68.290377,"Sierra and Taylor",2017-07-10,"9:15",NA,NA,"12:30",15.4,24.4,3.3,26,NA,"Partly Cloudy","Ripple",8.9,"W",1069,NA,0.37,1.69,5.62,0.84
"22G MDIBL Dock",44.433552,-68.290377,"Danny Graves",2017-07-24,"13:09",NA,NA,"12:07",14.1,19.8,2.5,31,NA,"Overcast",NA,8.3,NA,1050,NA,NA,NA,NA,NA
"22G MDIBL Dock",44.433552,-68.290377,"Sierra and Danny",2017-07-31,"9:20",NA,NA,"11:57",15.6,19.3,3.5,32,NA,NA,NA,9.1,NA,1114,"Secchi disk hit bottom at 3.5m",NA,NA,NA,NA
"22G MDIBL Dock",44.433552,-68.290377,NA,2017-08-07,"9:25",NA,NA,"11:28",16.9,20.3,2.55,30,NA,NA,NA,9,NA,1116,NA,NA,NA,NA,NA
"22G MDIBL Dock",44.433552,-68.290377,"Sierra",2017-08-14,"9:06",NA,NA,"3:53",15.7,20.6,2.3,31,NA,NA,NA,7.7,"SW",1118,NA,NA,NA,NA,NA
"22G MDIBL Dock",44.433552,-68.290377,"A. Farrell",2017-08-25,"13:03",NA,NA,"14:10",16,23.9,3.3,31,"Low","Partly Cloudy","Waves",8.3,"NW",1128,NA,NA,NA,NA,NA
"22G MDIBL Dock",44.433552,-68.290377,"Anna Farrell, Ashley Taylor",2017-08-29,"13:00",NA,"11:14",NA,16.1,24.6,3.2,31,"Low","Partly Cloudy","Ripple",8.5,"W",1129,"Secchi disk hit bottom",NA,NA,NA,NA
"22G MDIBL Dock",44.433552,-68.290377,"Anna Farrell",2017-09-08,"9:25",NA,NA,"12:48",11.7,17,3.7,31,"Low","Clear","Ripple",8.2,"E",1132,"Secchi disk hit bottom",NA,NA,NA,NA
"22G MDIBL Dock",44.433552,-68.290377,"Anna Farrell",2017-09-12,"15:30",NA,NA,"16:03",16.1,26.2,4,31,"Low","Clear","Ripple",9.2,"W",1133,NA,NA,NA,NA,NA
"22G MDIBL Dock",44.433552,-68.290377,"Anna Farrell",2017-09-21,"9:46",NA,NA,"12:13",14.8,17.9,3.1,32,"Low","Clear","Whitecaps",8.4,"E",1136,"Big swells from the east. Did not use an aquascope for transparency due to swells.",NA,NA,NA,NA
"22G MDIBL Dock",44.433552,-68.290377,"Farrell",2017-09-26,"12:45",NA,NA,"15:02",18.3,26.7,3.95,31,NA,NA,NA,8.1,"NW",1137,NA,NA,NA,NA,NA
"22G MDIBL Dock",44.433552,-68.290377,"Anna Farrell",2017-10-05,"9:11",NA,NA,"10:56",13.1,18.4,4.85,32,"Low","Clear","Waves",7.5,"NW",1140,NA,NA,NA,NA,NA
"22G MDIBL Dock",44.433552,-68.290377,"Farrell",2017-10-10,"13:45",NA,NA,"14:45",13.4,24,3.85,32,NA,"Clear","Waves",8.3,"W",1141,NA,NA,NA,NA,NA
"22G MDIBL Dock",44.433552,-68.290377,"Farrell",2017-10-18,"9:36",NA,NA,"10:24",12.4,13.4,3.3,33,"Low","Clear","Ripple",8.1,"NW",1143,NA,NA,NA,NA,NA
"22G MDIBL Dock",44.433552,-68.290377,"Farrell/Taylor",2017-10-23,"13:23",NA,NA,"13:44",13.1,17.6,4.08,32,"Low","Clear","Calm",8.6,"S",1145,NA,NA,NA,NA,NA
"22G MDIBL Dock",44.433552,-68.290377,"Farrell",2017-11-02,"10:15",NA,NA,"9:39",12.4,13.6,4.15,NA,"Low","Overcast","Ripple",7.4,"W",1147,"Salinity not taken.",NA,NA,NA,NA
"22G MDIBL Dock",44.433552,-68.290377,"Farrell/Taylor",2017-12-06,"10:55",NA,NA,"12:18",7.1,10.4,NA,32,"Low","Overcast","Ripple",NA,"NW",1150,"Sample collected in knee-deep water",NA,NA,NA,NA
"22G MDIBL Dock",44.433552,-68.290377,"Farrell",2017-12-11,"15:30",NA,NA,"17:30",5.9,0.5,NA,32,"Low","Clear","Calm",NA,"S",1151,"Beautiful sunset. Light wind.",NA,NA,NA,NA
"22G MDIBL Dock",44.433552,-68.290377,"Farrell/Taylor",2017-12-19,"14:07",NA,NA,"11:17",3.3,2,NA,32,"None","Partly Cloudy","Calm",NA,"W",1153,"PS only.",NA,NA,NA,NA
"22G MDIBL Dock",44.433552,-68.290377,"Farrell",2018-01-29,"10:10",NA,NA,"8:12",1.3,-4.5,NA,34,"Low","Overcast","Waves",11.5,"NE",1156,"Sampled off the point to the left of Emery Cove. Water in the Cove itself is full of ice, seaweed, and cloudy looking. Dock is not in. Used DO meter for DO and water temp.",NA,NA,NA,NA
"22G MDIBL Dock",44.433552,-68.290377,"Farrell",2018-02-21,"16:10",NA,NA,"14:27",3.1,9.3,NA,32,"None","Overcast","Calm",12,"SW",1157,"Sampled off west side of Blueberry Point.",NA,NA,NA,NA
"22G MDIBL Dock",44.433552,-68.290377,"Farrell",2018-02-28,"9:45",NA,NA,"8:59",2.5,5.7,NA,33,"None","Clear","Calm",10.8,"NW",1158,"Sampled off west side of Blueberry Point.",NA,NA,NA,NA
"22G MDIBL Dock",44.433552,-68.290377,"Farrell/Taylor",2018-03-07,"13:25",NA,NA,"14:52",2.8,2.5,NA,33,"Low","Overcast","Waves",11.6,"NE",1159,"Nor'easter predicted in the next 24 hours. Sampled from Blueberry Point rocks.",NA,NA,NA,NA
"22G MDIBL Dock",44.433552,-68.290377,"Farrell",2018-03-21,"11:30",NA,NA,"14:17",0.6,1.4,NA,31,"Low","Overcast","Ripple",NA,"NE",1160,"Sampled from the rocks at Blueberry Point near the rockweed because of the tide stage. Saw 22 pieces of red, blue, and clear plastic in the 200 cells counted. DO measured with the DO meter.",NA,NA,NA,NA
"22G MDIBL Dock",44.433552,-68.290377,"Farrell/Taylor",2018-03-28,"9:40",NA,NA,"8:52",3.1,2.6,NA,33,"Low","Overcast","Calm",12,"N",1161,"Sampled at Blueberry Point. Used DO meter.",NA,NA,NA,NA
"22G MDIBL Dock",44.433552,-68.290377,"Farrell",2018-04-04,"15:00",NA,NA,"14:31",3.9,6.9,NA,32,"Low","Fog","Calm",11.3,"SW",1162,"Sampled from Blueberry Point. Used DO meter.",NA,NA,NA,NA
"22G MDIBL Dock",44.433552,-68.290377,"Farrell",2018-04-11,"9:32",NA,NA,"8:06",3.9,1.3,NA,31,"None","Clear","Calm",11.3,"NW",1163,"Sampled from Blueberry Point. Used DO meter.",NA,NA,NA,NA
"22G MDIBL Dock",44.433552,-68.290377,"Anna Farrell",2018-04-25,"10:33",NA,NA,"7:33",7.8,14,NA,31,NA,"Overcast","Calm",NA,"W",1164,"Lower tide than usual. Sampled off the beach at Blueberry Point in a bed of rockweed. Used the DO meter.",NA,NA,NA,NA
"22G MDIBL Dock",44.433552,-68.290377,"Anna Farrell, Analise Wittenberg, Sara Lowgren",2018-05-02,"11:02",NA,NA,"13:23",10.4,20.1,NA,30,"None","Clear","Ripple",11.8,"W",1165,"Sampled in rockweed. Samples at Blueberry point.",NA,NA,NA,NA
"22G MDIBL Dock",44.433552,-68.290377,"Analise Wittenberg, Sara Lowgren",2018-05-09,"10:02",NA,"12:43",NA,11.4,10.8,NA,30,"None","Fog","Calm",11.6,"NE",1167,"Sampled at Blueberry point in a bed of rockweed. Used DO meter.",NA,NA,NA,NA
"22G MDIBL Dock",44.433552,-68.290377,"Analise Wittenberg, Sara Lowgren",2018-05-16,"10:50",NA,NA,"12:07",9.9,12.9,NA,31,"None","Clear","Calm",10.3,"E",1168,"Blueberry point. Used DO meter, sampled in shaded water. Not in rockweed. Nutrient bottle 1168 dropped in water and shaken off and stil used.",NA,NA,NA,NA
"22G MDIBL Dock",44.433552,-68.290377,"Analise Wittenberg, Sara Lowgren",2018-05-23,"11:00",NA,"12:37","6:14",13.1,20.1,NA,30,"None","Clear","Calm",10.2,"E",1234,"Sampled at Blueberry Point. 8 drops test for DO.",NA,NA,NA,NA
"22G MDIBL Dock",44.433552,-68.290377,"Analise Wittenberg, Sara Lowgren",2018-05-30,"10:15",NA,NA,"12:20",13,17.6,4.65,32,"None","Clear","Ripple",9.5,"NE",1178,"Sampled from dock, using DO meter. pH 8.4",NA,NA,NA,NA
"22G MDIBL Dock",44.433552,-68.290377,"Analise Wittenberg, Sara Lowgren",2018-06-06,"12:05",NA,"11:03","17:20",13.4,16.6,3.5,30,"None","Overcast","Ripple",8.4,"N",1179,"Secci disc hit bottom. Backwashed 20 ml. Measured DO using DO meter.",NA,NA,NA,NA
"22G MDIBL Dock",44.433552,-68.290377,"Analise Wittenburg",2018-06-13,"10:50",NA,NA,"10:56",11.6,24.4,5.15,32,NA,NA,NA,9,"E",1184,"Forgot cooler for nutrient bottle. DO meter was used.",NA,NA,NA,NA
"22G MDIBL Dock",44.433552,-68.290377,"Farrell",2018-06-19,"12:58",NA,NA,"16:28",14.2,19.3,2.2,31,"Medium","Clear","Waves",9,"NW",1187,"Very windy, only 5 liters were filtered",NA,NA,NA,NA
"22G MDIBL Dock",44.433552,-68.290377,"Analise W.,Anna F.",2018-06-28,"13:09",NA,"17:58","11:58",12.1,16.6,5.2,30,"None","Downpour","Calm",10,"S",1198,"Secchi Disk hit bottom for transperency",NA,NA,NA,NA
"22G MDIBL Dock",44.433552,-68.290377,"Taylor/Farrell",2018-07-03,"13:29",NA,NA,"15:12",18.5,24,4.4,30,NA,"Clear","Calm",9.1,"NE",1199,"pH 8.43",NA,NA,NA,NA
"22G MDIBL Dock",44.433552,-68.290377,"Wittenberg",2018-07-11,"10:30",NA,NA,"9:38",15.9,24,4.95,31,"Low","Clear","Ripple",9.2,"NE",1201,NA,NA,NA,NA,NA
"22G MDIBL Dock",44.433552,-68.290377,"Amber Wolf and Jade Lee",2018-07-19,"13:16",NA,"11:21","17:02",17.6,23,3.2,31,"Low","Clear","Calm",8.6,"NE",1208,"PH: 8.34. A lot of slime gunk on the surface of the water. The transparency disc hit the bottom. Nutrient vial #: 1208. The top two phytoplankton species were Dactyliosolen spp. And Dendronula spp.",NA,NA,NA,NA
"22G MDIBL Dock",44.433552,-68.290377,"Jade Lee",2018-07-24,"9:58",NA,NA,"8:23",18.1,19.8,3.55,31,"Low","Fog","Calm",8.7,"NW",1209,"pH meter: 8.38",NA,NA,NA,NA
"22G MDIBL Dock",44.433552,-68.290377,"Farrell/Lee",2018-07-31,"13:50",NA,NA,"13:58",20.5,23.5,3,31,"Low","Partly Cloudy","Calm",8.7,"E",1221,"pH: 8.4",NA,NA,NA,NA
"22G MDIBL Dock",44.433552,-68.290377,"Farrell",2018-08-09,"9:48",NA,NA,"9:18",18,22.8,2.8,30,"Low","Overcast","Calm",8.5,"SW",1226,"pH: 8.38",NA,NA,NA,NA
"22G MDIBL Dock",44.433552,-68.290377,"AEF",2018-08-16,"10:37",NA,"9:23","15:36",16.7,23.6,2.5,31,"Low","Partly Cloudy","Ripple",8.1,"W",1237,"Secchi hit bottom.",NA,NA,NA,NA
"22G MDIBL Dock",44.433552,-68.290377,"Farrell",2018-08-21,"12:50",NA,NA,"8:01",18.8,24.3,2.9,31,"Low","Partly Cloudy","Ripple",8.5,"SE",1238,"Secchi hit bottom. pH: 8.48",NA,NA,NA,NA
"22G MDIBL Dock",44.433552,-68.290377,"Farrell",2018-08-30,"12:33",NA,"7:53","14:02",17.2,21.3,4.25,31,"Low","Partly Cloudy","Waves",8.6,"NE",1243,"pH: 8.45",NA,NA,NA,NA
"22G MDIBL Dock",44.433552,-68.290377,"Farrell",2018-09-05,"15:41",NA,NA,"19:18",17.4,27.1,3.55,32,"Low","Clear","Ripple",9.3,"W",1244,"pH: 8.53",NA,NA,NA,NA
"22G MDIBL Dock",44.433552,-68.290377,"Taylor",2018-09-12,"14:10",NA,"7:13","13:22",17.8,24,2.87,30,NA,"Partly Cloudy","Ripple",8.5,"NE",1249,"Mark Hanscom was rinsing off lobster boat on the otherside of the dock at the same time.",NA,NA,NA,NA
"22G MDIBL Dock",44.433552,-68.290377,"Taylor",2018-09-20,"11:24",NA,"14:25","8:20",15.4,15.8,3.9,33,"Low","Partly Cloudy","Calm",8.1,"NE",NA,"pH: 8.4; disk hit bottom                                                                                                            THIS IS A DUPLICATE - PLEASE IGNORE!!!",NA,NA,NA,NA
"22G MDIBL Dock",44.433552,-68.290377,"Taylor",2018-09-20,"11:24",NA,"14:25","8:20",15.4,15.8,3.9,33,"Low","Partly Cloudy","Calm",NA,"NE",1256,"pH: 8.40. Hit bottom.",NA,NA,NA,NA
"22G MDIBL Dock",44.433552,-68.290377,"Farrell/Taylor",2018-09-26,"13:05",NA,"6:10","12:17",14.6,20.5,3.9,32,"Low","Overcast","Ripple",8.8,"SW",1261,NA,NA,NA,NA,NA
"22G MDIBL Dock",44.433552,-68.290377,"Farrell/Taylor",2018-10-04,"10:00",NA,"12:52","6:44",13.8,15.5,3.7,32,"Low","Overcast","Ripple",8.6,"S",1263,"hit bottom",NA,NA,NA,NA
"22G MDIBL Dock",44.433552,-68.290377,"Farrell",2018-10-11,"10:30",NA,"19:16","12:55",13.5,9.5,2.9,33,NA,"Drizzle","Waves",8.1,"E",1270,"Nutrient vial# 1270",NA,NA,NA,NA
"22G MDIBL Dock",44.433552,-68.290377,NA,2018-10-17,"10:10",NA,"11:53","5:47",12.4,11.9,2.95,30,"Low","Overcast","Ripple",8.4,"W",1272,NA,NA,NA,NA,NA
"22G MDIBL Dock",44.433552,-68.290377,"Wolf + Taylor",2018-10-31,"14:20",NA,"10:26","4:19",9.6,11.3,NA,32,"Low","Overcast","Calm",9.8,"N",1281,"pH = 8.66. Taken off beach - wading in. Not many phytoplankton/not too concentrated.",NA,NA,NA,NA
"22G MDIBL Dock",44.433552,-68.290377,"aef",2019-03-26,"16:15",NA,"9:50","16:02",3.6,1.9,NA,31,"Low","Fog","Ripple",NA,"N",1284,"Sampled from Emery Cove because the dock isn't in. Waded out thigh deep to obtain sample.",NA,NA,NA,NA
"22G MDIBL Dock",44.433552,-68.290377,"Farrell",2019-04-02,"11:36",NA,"16:15","9:59",3.2,7.5,NA,31,"Low","Clear","Waves",NA,"SW",1286,"Sampled in the cove. Lots of ctenophores in the water.",NA,NA,NA,NA
"22G MDIBL Dock",44.433552,-68.290377,NA,2019-04-10,"13:17",NA,"8:57","15:09",3.9,3.5,NA,31,"Low","Overcast","Ripple",11.8,"NE",1288,"Snow flurries. Deer carcass up shore. Sampled in the cove.",NA,NA,NA,NA
"22G MDIBL Dock",44.433552,-68.290377,"Farrell + Wolf",2019-04-17,"10:02",NA,"15:59","9:42",4.2,6.2,NA,30,NA,NA,NA,11.1,"N",1290,"Very windy (15-20 mph). Samples in the cove. Lots of seaweed on the beach and cloudy water. Filter took an hour to filter 5 L. A lot of junk in the slide.",NA,NA,NA,NA
"22G MDIBL Dock",44.433552,-68.290377,"Farrell and Wolf",2019-04-24,"13:22",NA,"9:23","15:36",6.1,6,NA,27,"Low","Overcast","Ripple",11.5,"NW",1292,"Sampled in the cove. Hard rain just before sampling. No transparency.",NA,NA,NA,NA
"22G MDIBL Dock",44.433552,-68.290377,"Farrell and Wolf",2019-05-01,"9:24",NA,"15:32","9:19",6.1,6.8,NA,30,NA,"Clear",NA,NA,"N",1294,"MDIBL Cove",NA,NA,NA,NA
"22G MDIBL Dock",44.433552,-68.290377,"Wolf",2019-05-06,"14:52",NA,"18:37","12:37",9.7,19,NA,30,"Low","Clear","Calm",10.9,"N",1295,NA,NA,NA,NA,NA
"22G MDIBL Dock",44.433552,-68.290377,"Wolf/Farrell",2019-05-13,"16:08",NA,"12:43","18:59",9.5,10.3,NA,31,"None","Clear","Ripple",9.6,"W",1298,NA,NA,NA,NA,NA
"22G MDIBL Dock",44.433552,-68.290377,"Farrell + Aries",2019-05-21,"13:15",NA,"7:21","13:32",10.5,14.9,NA,30,NA,"Partly Cloudy","Ripple",9.8,"N",1300,"Sample ful of gunk. Lots of things look like pseudo-nitzschia. Sampled in cove. Lots of sediment in water.",NA,NA,NA,NA
"22G MDIBL Dock",44.433552,-68.290377,"Wolf",2019-05-29,NA,NA,"13:56","7:43",11,10.5,NA,30,"None","Overcast","Ripple",NA,"N",1302,"Sampled in the cove. Dock not in yet. Tons of pollenthe water was visibly yellow. DO not taken, meter was in use in Bar Harbor.",NA,NA,NA,NA
"22G MDIBL Dock",44.433552,-68.290377,"Farrell",2019-06-04,"14:20",NA,"18:14","12:15",11.9,18.6,NA,31,NA,NA,NA,9.4,"W",1304,"Sampled in cove. Winkler titration: 9.2/9.6",NA,NA,NA,NA
"22G MDIBL Dock",44.433552,-68.290377,"Analise Wittenberg",2019-06-10,"9:41",NA,"4:59","11:23",11.5,14.7,2.4,31,"Low","Clear","Ripple",11.4,"NW",1305,"secchi disk hit bottom, started sampling from dock, D. acuminata: 26, D. norvegica: 267",NA,NA,NA,NA
"22G MDIBL Dock",44.433552,-68.290377,"Wittenberg",2019-06-19,"10:51",NA,"7:01","13:10",13.3,23.5,3.95,30,"Low","Clear","Ripple",11,"E",1308,NA,NA,NA,NA,NA
"22G MDIBL Dock",44.433552,-68.290377,"Skye Howard, Analise Wittenberg",2019-06-25,"9:40",NA,"11:22","5:04",13.1,16.6,NA,29,"Low","Clear","Ripple",10.6,"NE",1317,"Lots of pollen on the water surface and sampled in pollen dense water near dock. Secchi disk hit the bottom at 3m. Wind direction gusts ranged from NW to E but primarily NE",NA,NA,NA,NA
"22G MDIBL Dock",44.433552,-68.290377,"Analise Wittenberg, Skye Howard",2019-07-02,"10:09",NA,"4:54","11:03",15.3,21.7,4.5,31,"Low","Clear","Ripple",9.8,"SE",1319,"Filter was unproperly cleaned previously so cleaned with dock hose which is land supplied, water has a pink tint",NA,NA,NA,NA
"22G MDIBL Dock",44.433552,-68.290377,"Skye Howard, Analise Wittenberg",2019-07-09,"14:05",NA,"11:03","17:21",16.4,26.6,4,27,"Low","Clear","Waves",10.2,"NW",1321,"secchi hit bottom",NA,NA,NA,NA
"22G MDIBL Dock",44.433552,-68.290377,"Skye Howard, Analise Wittenberg",2019-07-16,NA,NA,"17:24","11:24",16.1,26.9,4,30,"Low","Clear","Ripple",10,"NE",1323,NA,NA,NA,NA,NA
"22G MDIBL Dock",44.433552,-68.290377,"Howard, Wittenberg",2019-07-31,"9:05",NA,"15:46","9:47",17.2,23.3,2.95,32,"Low","Clear","Calm",10.7,"E",1327,NA,NA,NA,NA,NA
"22G MDIBL Dock",44.433552,-68.290377,"Analise Wittenberg, Skye Howard",2019-08-05,"14:15",NA,"8:48","15:02",17.2,24.1,4.5,30,"Low","Clear","Ripple",10,"E",1334,NA,NA,NA,NA,NA
"22G MDIBL Dock",44.433552,-68.290377,"Farrell",2019-08-12,"9:30",NA,"3:21","9:34",16,21.6,5.4,32,NA,NA,NA,8.7,"W",1336,"breezy, secchi disk hit bottom",NA,NA,NA,NA
"22G MDIBL Dock",44.433552,-68.290377,"farrell, wittenberg",2019-08-19,"13:35",NA,"7:58","14:05",16.2,19.3,5.1,33,"Low","Clear","Calm",9.8,"N",1338,NA,NA,NA,NA,NA
"22G MDIBL Dock",44.433552,-68.290377,"Farrell",2019-08-26,"10:42",NA,"13:28","7:25",15.8,20,3.5,30,"None","Clear","Calm",9.3,"None",1347,"Calm wind, slight occasional breeze from the E. Secchi disk hit bottom.",NA,NA,NA,NA
"22G MDIBL Dock",44.433552,-68.290377,"Analise Wittenberg",2019-09-04,"13:50",NA,"9:17","15:29",14.6,20.9,4.5,33,"Low","Partly Cloudy","Calm",7.2,"W",1350,"dock had lots of bird poop.",NA,NA,NA,NA
"22G MDIBL Dock",44.433552,-68.290377,"Farrell",2019-09-09,"10:32",NA,"8:16","14:21",14.8,17.4,4.1,33,"Low","Clear","Ripple",8.5,"NW",1351,"Secchi disk hit bottom.",NA,NA,NA,NA
"22G MDIBL Dock",44.433552,-68.290377,"Farrell/Durand",2019-09-16,"10:11",NA,"6:51","12:57",13.8,15.2,3.9,33,"Medium","Partly Cloudy","Whitecaps",9.6,"N",1353,"breezy. Sampled off the shore side of the dock. Clumps of seaweed near sampling area.",NA,NA,NA,NA
"22G MDIBL Dock",44.433552,-68.290377,"A. Farrell",2019-09-25,"11:20",NA,"14:11","8:04",14.3,14.6,3.7,32,"Low","Overcast","Waves",8.7,"NE",1356,"Secchi hit bottom",NA,NA,NA,NA
"22G MDIBL Dock",44.433552,-68.290377,"Farrell",2019-09-30,"12:57",NA,"18:45","12:29",13.7,14.6,4.25,32,"Low","Clear","Ripple",7.7,"N",1357,NA,NA,NA,NA,NA
"22G MDIBL Dock",44.433552,-68.290377,"A. Farrell",2019-10-08,"9:44",NA,"13:53","7:47",12.6,14.6,14.6,33,"Low","Partly Cloudy","Ripple",7.3,"N",1360,NA,NA,NA,NA,NA
"22G MDIBL Dock",44.433552,-68.290377,"Durand/Farrell",2019-10-15,"12:20",NA,"6:17","12:23",12.7,14.5,3.15,33,"Medium","Clear","Waves",10.1,"N",1362,NA,NA,NA,NA,NA
"22G MDIBL Dock",44.433552,-68.290377,"Farrell",2019-10-21,"13:43",NA,"10:37","16:52",12.4,16.3,2.95,33,"Low","Clear","Calm",10.1,"E",1363,NA,NA,NA,NA,NA
"22G MDIBL Dock",44.433552,-68.290377,"Farrell",2019-10-28,"10:09",NA,"5:07","11:18",11.5,9.8,3.55,33,"Low","Overcast","Waves",9.4,"E",1365,"It rained over the weekend.",NA,NA,NA,NA
"22G MDIBL Dock",44.433552,-68.290377,"Durand",2019-11-04,"10:08",NA,"10:18","4:12",11.3,7.8,2.8,32,"Low","Partly Cloudy","Ripple",9.5,"N",1367,"Secchi Disk hit bottom. Collected wholewater sample in 4 250 mL bottles.",NA,NA,NA,NA
"22G MDIBL Dock",44.433552,-68.290377,"Durand",2019-11-18,"10:14",NA,"8:22","14:34",7.2,3.8,NA,31,"Low","Overcast","Waves",11.1,"N",1370,"Dock is out, so we sampled from the beach. Did not filter water for live count; too much sediment in the water.",NA,NA,NA,NA
"22G MDIBL Dock",44.433552,-68.290377,"Farrell",2020-05-21,"11:49",NA,"17:00","11:00",10.6,23.1,3.9,34,NA,"Clear","Ripple",11.3,"SW",1384,NA,NA,NA,NA,NA
"22G MDIBL Dock",44.433552,-68.290377,"Farrell",2020-05-29,"13:43",NA,"10:32","16:48",11.4,19.4,3.6,34,"Low","Overcast","Ripple",10.2,"SW",1386,"No aquascope.",NA,NA,NA,NA
"22G MDIBL Dock",44.433552,-68.290377,"Farrell",2020-06-04,"14:14",NA,"16:16","10:12",10.7,22.8,2.8,33,NA,"Partly Cloudy","Ripple",9.5,"NW",1388,"secchi hit bottom",NA,NA,NA,NA
"22G MDIBL Dock",44.433552,-68.290377,"Farrell",2020-06-11,"14:51",NA,"9:59","16:14",11.4,17.3,3.5,31,"Low","Downpour","Ripple",11,NA,1390,NA,NA,NA,NA,NA
"22G MDIBL Dock",44.433552,-68.290377,"Farrell/Wolf",2020-06-18,"12:25",NA,"15:42","9:43",18.9,21.3,3.9,32,"Low","Clear","Calm",NA,"N",1392,"Pollen and moon jellies. DO meter not recording. Secchi hit bottom.",NA,NA,NA,NA
"22G MDIBL Dock",44.433552,-68.290377,"Farrell",2020-06-25,"16:25",NA,"20:45","14:44",16.3,25.1,3.1,33,NA,"Clear","Ripple",10.1,"S",1394,NA,NA,NA,NA,NA
"22G MDIBL Dock",44.433552,-68.290377,"Farrell",2020-07-02,"17:48",NA,"15:05","21:09",17.1,21.9,3.3,32,NA,"Overcast","Ripple",9.8,"SW",1396,"No aquascope.",NA,NA,NA,NA
"22G MDIBL Dock",44.433552,-68.290377,"Farrell/Wolf",2020-07-08,"14:00",NA,"7:54","14:00",15.2,18,5.1,32,NA,"Fog","Calm",9.4,"SW",1398,NA,NA,NA,NA,NA
"22G MDIBL Dock",44.433552,-68.290377,"Wolf",2020-07-15,"13:33",NA,"13:22","7:18",17.3,22.3,2.9,32,NA,"Clear","Ripple",9,"N",1400,"Secchi hit bottom.",NA,NA,NA,NA
"22G MDIBL Dock",44.433552,-68.290377,"Amber Wolf",2020-07-22,"13:38",NA,"18:48","12:48",17.8,28,3.6,32,"Low","Partly Cloudy","Calm",9.5,"NW",1402,NA,NA,NA,NA,NA
"22G MDIBL Dock",44.433552,-68.290377,"Wolf",2020-07-30,"11:01",NA,"13:51","7:46",15.5,27.5,3.6,32,"Low","Clear","Calm",9,"W",1404,"Secchi hit bottom",NA,NA,NA,NA
"22G MDIBL Dock",44.433552,-68.290377,"Wolf",2020-08-05,"11:30",NA,"6:45","12:53",16.1,25,3.65,33,"Low","Clear","Calm",8.2,"SW",1405,NA,NA,NA,NA,NA
"22G MDIBL Dock",44.433552,-68.290377,"Amber Wolf",2020-08-11,"14:58",NA,"10:51","17:05",18.5,24,3.6,33,NA,"Clear","Calm",11.1,"N",1408,"Filter for nutrients was slightly off center in the housing.",NA,NA,NA,NA
"22G MDIBL Dock",44.433552,-68.290377,"Farrell/Wolf/Durand",2020-08-19,"11:39",NA,"5:28","11:37",18.2,23.4,3.35,32,"Low","Clear","Calm",10.2,"SW",1410,NA,NA,NA,NA,NA
"22G MDIBL Dock",44.433552,-68.290377,"Farrell/Durand",2020-08-26,"16:31",NA,"11:29","17:46",15.9,19.8,2.85,34,"Low","Clear","Whitecaps",11.8,"N",1412,"Very choppy and windy",NA,NA,NA,NA
"22G MDIBL Dock",44.433552,-68.290377,"Durand, Wolf, Farrell",2020-09-02,"13:36",NA,"17:56","11:50",13.8,18,4.05,35,NA,"Partly Cloudy","Ripple",NA,"S",1413,NA,NA,NA,NA,NA
"22G MDIBL Dock",44.433552,-68.290377,"Durand/Farrell",2020-09-09,"15:26",NA,"10:05","16:17",16.4,25.4,4.4,34,"Low","Partly Cloudy","Ripple",12.2,"SE",1415,NA,NA,NA,NA,NA
"22G MDIBL Dock",44.433552,-68.290377,"Durand/Farrell",2020-09-16,"13:57",NA,"16:29","10:22",13.9,19.3,3.2,35,"Medium","Clear","Whitecaps",10.4,"SW",1418,"Gusty! Secchi hit bottom.",NA,NA,NA,NA
"22G MDIBL Dock",44.433552,-68.290377,"Farrell",2020-09-24,"13:08",NA,"11:12","17:27",14,24.4,NA,34,NA,"Partly Cloudy","Ripple",3.2,"W",1420,"Secchi hit bottom.",NA,NA,NA,NA
"22G MDIBL Dock",44.433552,-68.290377,"Durand/Farrell",2020-10-01,"13:33",NA,"17:31","11:20",NA,NA,NA,NA,NA,NA,NA,NA,NA,0,NA,NA,NA,NA,NA
"22G MDIBL Dock",44.433552,-68.290377,"Durand/Farrell",2020-10-07,"14:30",NA,"8:42","14:50",14.1,18.5,4.55,33,"Low","Overcast","Ripple",10.7,"W",1423,"A seal swam under the dock and was breathing a lot. Many seastars in the hole-cage.",NA,NA,NA,NA
"22G MDIBL Dock",44.433552,-68.290377,"Farrell/Durand",2020-10-15,"14:10",NA,"9:52","16:05",12.7,19.2,2.6,35,NA,"Clear","Calm",12.3,"NW",1426,"Secchi hit bottom.",NA,NA,NA,NA
"22G MDIBL Dock",44.433552,-68.290377,"Farrell/Durand",2020-10-21,"15:03",NA,"21:26","14:56",12.4,13.8,3.5,35,"Low","Overcast","Calm",12.4,"SE",1428,NA,NA,NA,NA,NA
"22G MDIBL Dock",44.433552,-68.290377,"Farrell",2020-10-29,"14:15",NA,"16:27","10:13",11.4,8.8,3.1,35,NA,"Overcast","Ripple",11.3,"W",1430,"Secchi hit bottom.",NA,NA,NA,NA
"22G MDIBL Dock",44.433552,-68.290377,"Farrell",2020-11-04,"14:00",NA,"19:05","12:39",9.7,5.3,4.65,34,NA,"Partly Cloudy","Calm",11.2,"W",1432,NA,NA,NA,NA,NA
"22G MDIBL Dock",44.433552,-68.290377,"Anna Farrell",2021-02-04,"17:21","In (tide is rising)","9:40","15:49",1.4,1.8,NA,31,"slow","Overcast","Ripple",14.6,"Northwest",1437,"Beach sampling. Did not take transparency. Low salinity due to ice melting/ice in water.",NA,NA,NA,NA
"22G MDIBL Dock",44.433552,-68.290377,"Anna Farrell",2021-03-11,"20:06","Out (tide is falling)","15:39",NA,2.5,11.4,NA,32,"slow","Clear","Calm",15.7,"Southwest",1441,"Sampled in the cove at low tide (~ 1 foot of water).",NA,NA,NA,NA
"22G MDIBL Dock",44.433552,-68.290377,"Anna Farrell",2021-03-18,"17:22","In (tide is rising)","8:53","15:01",2.1,8,NA,32,"slow","Rain","Calm",15.4,"#NAME?",1444,"Beach sampling!",NA,NA,NA,NA
"22G MDIBL Dock",44.433552,-68.290377,"FD + AF",2021-04-01,"18:40","Out (tide is falling)","20:31","14:24",5.8,6.6,NA,28,"slow","Overcast","Whitecaps",13,"North",1447,"Sampled from the beach. Transparency not taken.",NA,NA,NA,NA
"22G MDIBL Dock",44.433552,-68.290377,"Farrell",2021-04-29,"17:25","In (tide is rising)","7:04","13:15",8.6,14.3,NA,35,"slow","Partly Cloudy","Ripple",13.1,"North",1452,"Transparency was not taken. We sampled from the beach.",NA,NA,NA,NA
"22G MDIBL Dock",44.433552,-68.290377,"Durand",2021-06-08,"16:15","Out (tide is falling)","15:20","9:16",15.4,29.5,NA,34,"slow","Partly Cloudy","Ripple",11.2,"Northeast",1458,"Did not take transparency. Lots of pollen in the water!",NA,NA,NA,NA
"22G MDIBL Dock",44.433552,-68.290377,"AEF",2021-07-07,"14:14","Out (tide is falling)","15:59","10:02",15.5,22,4.55,33,"medium","Partly Cloudy","Waves",9.1,"Northwest",1464,NA,NA,NA,NA,NA
"22G MDIBL Dock",44.433552,-68.290377,"Alexis Garretson",2021-08-14,"15:01","In (tide is rising)","9:36","15:49",19.9,23.7,2.25,32,"slow","Partly Cloudy","Ripple",8.8,"Southeast",1461,"Secchi disk hit bottom",NA,NA,NA,NA
"22G MDIBL Dock",44.433552,-68.290377,"Alexis Garretson, Jonathan Matt",2021-10-01,"21:00","In (tide is rising)","13:18","19:29",15,12.6,2.7,34,"slow","Overcast","Ripple",9.2,"North",1476,"Depth: 5.6, current slow, many isopods",NA,NA,NA,NA
"22G MDIBL Dock",44.433552,-68.290377,"Alexis Garretson, Madison Armstrong",2021-10-14,"22:13","In (tide is rising)","12:13","18:26",15.5,19.6,3,34,"slow","Overcast","Calm",8.2,"North",1479,"Dark at sampling",NA,NA,NA,NA
"22G MDIBL Dock",44.433552,-68.290377,"Alexis Garretson, Madison Armstrong, Samia Pratt, Hannah Lust",2021-10-21,"18:45","Out (tide is falling)","18:18","11:57",13.4,19.4,4.025,34,"slow","Overcast","Ripple",7.8,"Northwest",1481,"Current: Slow. Water Depth: 4.3. Wind Speed: 1. DO meter out of battery, installed new one in lab and taken about 5 mins after initial sampling.",NA,NA,NA,NA
